ids,upload_date,duration,comment_count,view_count,sentiment,uploader,tags,mantralayam.png,penukonda.png,vizianagaram_.png,vijayawada_l.png,jaggayyapeta.png,Srungavarapukota.png,tenali.png,kodur.png,venkatagiri.png,urvakonda.png,alur.png,vishakapatnam_west.png,kakinada.png,narsapuram_l.png,nellore_city.png,tadikonda.png,eluru.png,palakollu.png,gudivada.png,puttaparthi.png,mandanapalli.png,myudukur.png,Rajam.png,pulivendula.png,vijayawada_west.png,kanigiri.png,srikalahasti.png,vinukonda.png,sarvepalli.png,vishakapatnam_south.png,kalayan_durg.png,madugula.png,unguturu.png,sattenapalli.png,Etcherla.png,Venkata_Mahesh.png,paturi_nagabhusnam.png,bhimavaram.png,myalavaram.png,kurupam.png,paderu.png,nandikotkur.png,vizianagaram.png,tadepalligudem.png,tekkali.png,palakonda.png,Narasannapeta.png
sOhg8025Q7c,2022-11-09,189.0,11.0,3606.0,0.9983701109886168,Sakshi,Gadapa Gadapaku ,0,0,0,0,0,0,0,0,0,0,0,0,0,0,0,0,0,0,0,0,0,0,0,0,0,0,0,0,0,0,0,0,0,0,0,0,0,0,0,0,0,0,0,0,0,0,0
HZ67NBd3oxc,2022-12-14,323.0,4.0,1965.0,0.989526867866516,TV9,Gadapa Gadapaku ,0,0,0,0,0,0,0,0,0,0,0,0,0,0,0,0,0,0,0,0,0,0,0,0,0,0,0,0,0,0,0,0,0,0,0,0,0,0,0,0,0,0,0,0,0,0,0
QecIi9BoMKs,2023-01-12,213.0,11.0,3439.0,0.9978523254394532,Sakshi,Gadapa Gadapaku ,0,0,0,0,0,0,0,0,0,0,0,0,0,0,1,0,0,0,0,0,0,0,0,0,0,0,0,0,0,0,0,0,0,0,0,0,0,0,0,0,0,0,0,0,0,0,0
x5WTvCOMXI8,2022-12-09,236.0,1.0,2747.0,-0.9979913234710692,ABN,Gadapa Gadapaku ,0,0,0,0,0,0,0,0,0,0,0,0,0,0,0,0,0,0,0,0,0,0,0,1,0,0,0,0,0,0,0,0,0,0,0,0,0,0,0,0,0,0,0,0,0,0,0
UMrvP7ILgis,2022-03-27,326.0,1.0,2973.0,0.9980177879333496,Sakshi,Gadapa Gadapaku ,0,0,0,0,0,0,0,0,0,0,0,0,0,0,0,0,0,0,0,0,0,0,0,0,0,0,0,0,0,0,0,0,0,0,0,0,0,0,0,0,0,0,0,0,0,0,0
jcHx95VXfDU,2022-09-12,153.0,1.0,1313.0,0.9986376166343688,TV5,Gadapa Gadapaku ,0,0,0,0,0,0,0,0,0,0,0,0,0,0,0,0,0,0,0,0,0,0,0,0,0,0,0,0,0,0,0,0,0,0,0,0,0,0,0,0,0,0,0,0,0,0,0
pQ4IrWaQu94,2022-12-10,199.0,5.0,2373.0,-0.9983313679695128,ABN,Gadapa Gadapaku ,0,0,0,0,0,0,0,0,0,0,0,0,0,0,0,0,0,0,0,0,0,0,0,0,0,0,0,0,0,0,0,0,0,0,0,0,0,0,0,0,0,0,0,0,0,0,0
dWlw9rUf3Mw,2022-07-14,251.0,0.0,919.0,-0.9882657527923584,Sakshi,Gadapa Gadapaku ,0,0,0,0,0,0,0,0,0,0,0,0,0,0,0,0,0,1,0,1,0,0,0,0,0,0,0,0,0,1,0,0,0,0,0,0,0,0,0,0,0,0,0,0,0,0,0
sra_Xz0f4b4,2023-01-23,64.0,3.0,803.0,0.9934817552566528,Sakshi,Gadapa Gadapaku ,0,0,0,0,0,0,0,0,0,0,0,0,0,0,0,0,0,0,0,0,0,0,0,0,0,0,0,0,0,0,0,0,0,0,0,0,0,0,0,0,0,0,0,0,0,0,0
65ESY4s02u0,2023-01-23,342.0,0.0,766.0,-0.9989935755729676,ABN,Gadapa Gadapaku ,0,0,0,0,0,0,0,0,0,0,0,0,0,0,0,0,0,0,0,0,0,0,0,0,0,0,0,0,0,0,0,0,0,0,0,0,0,0,0,0,0,0,0,0,0,0,0
iAzsHYwe4Is,2022-11-18,85.0,53.0,342941.0,0.9962297081947328,Sakshi,Gadapa Gadapaku ,0,0,0,0,0,0,0,0,0,0,0,0,0,0,0,0,0,0,0,0,0,0,0,0,0,0,0,0,0,0,0,0,0,0,0,0,0,0,0,0,0,0,0,0,0,0,0
d0auH2XUglw,2022-11-09,156.0,3.0,2534.0,0.9958413243293762,Sakshi,Gadapa Gadapaku ,0,0,0,0,0,0,0,0,0,0,0,0,0,0,0,0,0,0,0,0,0,0,0,0,0,0,0,0,0,0,0,0,0,0,0,0,0,0,0,0,0,0,0,0,0,0,0
uQ4U306fLDQ,2022-11-21,141.0,1.0,980.0,-0.996269941329956,ABN,Gadapa Gadapaku ,0,0,0,0,0,0,0,0,0,0,0,0,0,0,0,0,0,0,0,0,0,0,0,0,0,0,0,0,0,0,0,0,0,0,0,0,0,0,0,0,0,0,0,0,0,0,0
AStFh8MgDUE,2022-05-20,85.0,45.0,33211.0,-0.997041404247284,Sakshi,Gadapa Gadapaku ,0,0,0,0,0,0,0,0,0,0,0,0,0,0,0,0,0,0,0,0,0,0,0,0,0,0,0,0,0,0,0,0,0,0,0,0,0,0,0,1,0,0,0,0,0,0,0
h5UZ6KTLHtI,2022-08-27,5865.0,8.0,24914.0,-0.9966793060302734,TV5,Gadapa Gadapaku ,0,0,0,0,0,0,0,0,0,0,0,0,0,0,0,0,0,0,0,0,0,0,0,0,0,0,0,0,0,0,0,0,0,0,0,0,0,0,0,0,0,0,0,0,0,0,0
espaP_0NC90,2023-01-31,106.0,5.0,4149.0,0.994531512260437,Sakshi,Gadapa Gadapaku ,0,0,1,0,0,0,0,0,0,0,0,0,0,0,0,0,0,0,0,0,0,0,0,0,0,0,0,0,0,0,0,0,0,0,0,0,0,0,0,0,0,0,0,0,0,0,0
8C1T6oS0rl0,2022-10-18,110.0,16.0,5192.0,-0.992192566394806,Sakshi,Gadapa Gadapaku ,0,0,0,0,0,0,0,0,0,0,0,0,0,0,0,0,0,0,0,0,0,0,0,0,0,0,0,0,0,0,0,0,0,0,0,0,0,0,0,0,0,0,0,0,0,0,0
dKbBE5CPazE,2022-07-23,132.0,45.0,21725.0,0.995400846004486,Sakshi,Gadapa Gadapaku ,0,0,0,0,0,0,0,0,0,0,0,0,0,0,0,0,0,0,0,0,0,0,0,0,0,0,1,0,0,0,0,0,0,0,0,0,0,0,0,0,0,0,0,0,0,0,0
-kS71Wrn-Do,2022-12-16,157.0,11.0,3384.0,0.9961838126182556,TV9,Gadapa Gadapaku ,0,0,0,0,0,0,0,0,0,0,0,0,0,0,0,0,0,0,0,0,0,0,0,1,0,0,0,0,0,0,0,0,0,0,0,0,0,0,0,0,0,0,0,0,0,0,0
Nq30ovIQtkc,2022-11-02,6945.0,0.0,25939.0,-0.9985693693161012,TV5,Gadapa Gadapaku ,0,0,0,0,0,0,0,0,0,0,0,0,0,0,0,0,0,0,0,0,0,0,0,0,0,0,0,0,0,0,0,0,0,0,0,0,0,0,0,0,0,0,0,0,0,0,0
TzzurkA4Xao,2023-01-20,188.0,2.0,3599.0,0.9942938685417176,Sakshi,Gadapa Gadapaku ,0,0,0,0,0,0,0,0,0,0,0,0,0,0,1,0,0,0,0,0,0,0,0,0,0,0,0,0,0,0,0,0,0,0,0,0,0,0,1,0,0,0,0,0,0,0,0
T1jpMOsZHs8,2022-11-13,186.0,4.0,2380.0,-0.9981619715690612,TV5,Gadapa Gadapaku ,0,0,0,0,0,0,0,0,0,0,0,0,0,0,0,0,0,0,0,0,0,0,0,0,0,0,0,0,0,0,0,0,0,0,0,0,0,0,0,0,0,0,0,0,0,1,0
j4hAzHr1t54,2023-02-01,250.0,37.0,38209.0,0.9949317574501038,ABN,Gadapa Gadapaku ,0,0,0,0,0,0,0,0,0,0,0,0,0,1,0,0,0,0,0,0,0,0,0,0,0,0,0,0,0,0,0,0,0,0,0,0,1,0,0,0,0,0,0,0,0,0,0
ecQhoeIv9wc,2022-08-27,276.0,46.0,46973.0,-0.998769462108612,Sakshi,Gadapa Gadapaku ,0,0,0,0,0,0,0,0,0,0,0,0,0,0,0,0,0,0,1,0,0,0,0,0,0,0,0,0,0,0,0,0,0,0,0,0,0,0,0,0,0,0,0,0,0,0,0
U-ejFfar5zw,2022-09-07,245.0,0.0,2232.0,-0.9986623525619508,TV5,Gadapa Gadapaku ,0,0,0,0,0,0,0,0,0,0,0,0,0,0,0,0,0,0,0,0,0,0,0,0,0,0,0,0,0,0,0,0,0,0,0,0,0,0,0,0,0,0,0,0,0,0,0
9OKDYPhhWKM,2022-12-16,319.0,24.0,9428.0,0.9854157567024232,TV9,Gadapa Gadapaku ,0,0,0,0,0,0,0,0,0,0,0,0,0,0,0,0,0,0,0,0,0,0,0,1,0,0,0,0,0,0,0,0,0,0,0,0,0,0,0,0,0,0,0,0,0,0,0
EVDROuZe_5M,2022-12-13,318.0,8.0,2120.0,0.998568058013916,Sakshi,Gadapa Gadapaku ,0,0,0,0,0,0,0,0,0,0,0,0,0,0,0,0,0,0,0,0,0,0,0,0,0,0,0,0,0,0,0,0,0,0,0,0,0,0,0,0,0,0,0,0,0,0,0
8byNHoAqk6A,2022-11-22,322.0,0.0,2246.0,0.982781708240509,TV5,Gadapa Gadapaku ,0,0,0,0,0,0,0,0,0,0,0,0,0,0,0,0,0,0,0,0,0,0,0,0,0,0,0,0,0,0,0,0,0,0,0,0,0,0,0,0,0,0,0,0,0,0,0
r1XjfjIpQaQ,2022-07-21,122.0,1.0,5230.0,0.9888259172439576,Sakshi,Gadapa Gadapaku ,0,0,0,0,0,0,0,0,0,0,0,0,0,0,0,0,0,0,0,0,0,0,0,0,0,0,0,0,0,0,0,0,0,0,0,0,0,0,0,0,0,0,0,0,0,0,0
WaOofG-fZxA,2022-12-21,456.0,0.0,3586.0,-0.999357521533966,ABN,Gadapa Gadapaku ,0,0,0,0,0,0,0,0,0,0,0,0,0,0,0,0,0,0,0,0,0,0,0,0,0,0,0,0,0,0,0,0,0,0,0,0,0,0,0,0,0,0,0,0,0,0,0
Zv33Z626ysw,2022-11-02,90.0,0.0,870.0,-0.997443675994873,TV5,Gadapa Gadapaku ,0,0,0,0,0,0,0,0,0,0,0,0,0,0,0,0,0,0,0,0,0,0,0,0,0,0,0,0,0,0,0,0,0,0,0,0,0,0,0,0,0,0,0,0,0,0,0
xx13CsuKLhc,2022-05-10,312.0,282.0,82972.0,-0.9988635778427124,Sakshi,Gadapa Gadapaku ,0,1,0,0,0,1,0,0,0,0,0,0,0,0,0,0,0,1,1,0,0,0,0,0,0,0,0,0,0,0,1,0,0,0,0,0,1,0,0,0,0,0,0,0,0,1,0
4z6GZe0huaM,2022-12-15,164.0,3.0,1601.0,0.9961297512054444,Sakshi,Gadapa Gadapaku ,0,0,0,0,0,0,0,0,0,0,0,0,0,0,0,0,0,0,0,0,0,0,0,0,0,0,0,0,0,0,0,0,0,0,0,0,0,0,0,0,0,0,0,0,0,0,0
iXsfRH2u4LI,2022-07-14,131.0,0.0,2567.0,-0.9929872155189514,Sakshi,Gadapa Gadapaku ,0,0,0,0,0,0,0,0,0,0,0,0,0,0,0,0,0,0,0,0,0,0,0,0,0,0,0,0,0,0,0,0,0,0,0,0,0,0,0,0,0,0,0,0,0,0,0
xD2ZnYJO2hQ,2022-12-17,277.0,4.0,1329.0,-0.9938621520996094,Sakshi,Gadapa Gadapaku ,0,0,0,0,0,0,0,0,0,0,0,0,0,0,0,0,0,0,0,0,0,0,0,0,0,0,0,0,0,0,1,0,0,0,0,0,0,0,0,0,1,0,0,0,0,0,0
Q-SlIKXQAFo,2022-12-16,165.0,0.0,890.0,0.9968482851982116,Sakshi,Gadapa Gadapaku ,0,0,0,0,0,0,0,0,0,0,0,0,1,0,0,0,0,0,0,0,0,0,1,0,0,0,0,0,1,0,0,0,0,0,0,0,0,0,0,0,0,0,0,0,0,0,1
BNoCIKt_q98,2022-11-02,23684.0,83.0,286227.0,-0.9974452257156372,TV5,Gadapa Gadapaku ,0,0,0,0,0,0,0,0,0,0,0,0,0,0,0,0,0,0,0,0,0,0,0,0,0,0,0,0,0,0,0,0,0,0,0,0,0,0,0,0,0,0,0,0,0,0,0
CBOcwUOUNrU,2023-01-03,55.0,1.0,1631.0,-0.9982616305351256,ABN,Gadapa Gadapaku ,0,0,0,0,0,0,0,0,0,0,0,0,0,0,0,0,0,0,0,0,0,0,0,0,0,0,0,0,0,0,0,0,0,0,0,0,0,0,0,0,0,0,0,0,0,0,0
Rx42h1yymO0,2022-07-27,326.0,118.0,61090.0,-0.9989996552467346,Sakshi,Gadapa Gadapaku ,0,0,0,0,0,0,0,0,0,0,0,0,0,0,0,0,0,0,1,0,0,0,0,0,0,0,0,0,0,0,0,0,0,0,0,1,0,0,0,0,0,0,0,0,0,0,0
KUXHvUkKUqw,2022-05-20,221.0,90.0,23771.0,0.99698668718338,Sakshi,Gadapa Gadapaku ,0,0,0,0,0,0,0,0,0,0,0,0,0,0,0,0,0,0,0,0,0,0,0,0,0,0,0,0,0,0,0,0,0,1,0,0,0,0,0,0,0,0,0,1,1,0,0
jvuwhB1-ZUM,2022-06-03,146.0,56.0,24481.0,-0.9828923940658568,Sakshi,Gadapa Gadapaku ,0,0,0,0,0,0,0,0,0,0,0,0,0,0,0,0,0,0,0,0,0,0,0,0,0,0,0,0,0,0,0,0,0,0,0,0,0,0,0,0,0,0,0,0,0,0,0
Hy-ZhENvaWI,2023-01-08,1265.0,6.0,2930.0,-0.9964994192123412,Sakshi,Gadapa Gadapaku ,0,0,0,0,0,0,0,0,0,0,0,0,0,0,0,0,0,0,0,0,0,0,0,0,0,0,0,0,0,0,0,0,0,0,0,0,0,0,0,0,0,0,0,0,0,0,0
OcEdAkWkHgQ,2022-12-15,435.0,2.0,2774.0,0.9901815056800842,Sakshi,Gadapa Gadapaku ,0,0,0,0,0,0,0,0,0,0,0,0,1,0,0,0,0,0,0,0,0,0,0,0,0,0,0,0,0,0,0,0,0,0,0,0,0,0,0,0,0,0,0,0,0,0,0
rgb9BDaYIzk,2022-09-08,228.0,14.0,40173.0,-0.9992584586143494,TV5,Gadapa Gadapaku ,0,0,0,0,0,0,0,0,0,0,0,0,0,0,0,0,0,0,0,0,0,0,0,0,0,0,0,0,0,0,0,0,0,0,0,0,0,0,0,0,0,0,0,0,0,0,0
OsDLjPQPWmc,2023-03-01,251.0,70.0,16679.0,0.9986571073532104,Sakshi,Gadapa Gadapaku ,0,0,0,0,0,0,0,0,0,0,0,0,0,0,0,0,0,0,0,0,0,0,0,0,0,0,0,0,0,0,0,0,0,0,0,0,0,0,0,0,0,0,0,0,0,0,0
hEDlJYG_5AU,2022-12-16,133.0,5.0,2858.0,-0.9835772514343262,TV9,Gadapa Gadapaku ,0,0,1,0,0,0,0,0,0,0,0,0,0,0,0,0,0,0,0,0,0,0,0,1,0,0,0,0,0,0,0,0,0,0,0,1,0,0,0,0,0,0,0,0,0,0,0
fV2T7SntOOE,2022-12-03,168.0,0.0,577.0,-0.9964435696601868,ABN,Gadapa Gadapaku ,0,0,0,0,0,0,0,0,0,0,0,0,0,0,0,0,0,0,0,0,0,0,0,0,0,0,0,0,0,0,0,0,1,0,0,0,0,0,0,0,0,0,0,0,0,0,0
bbgh4Rhv0F0,2023-01-21,224.0,6.0,864.0,-0.9897733330726624,Sakshi,Gadapa Gadapaku ,0,0,0,0,0,0,0,0,0,0,0,1,0,0,0,0,0,0,0,0,0,0,0,0,0,1,0,0,0,0,0,0,0,0,0,0,0,0,0,0,0,0,0,0,0,0,0
Hx7kCAGjes0,2022-11-22,194.0,7.0,10556.0,-0.9988021850585938,Sakshi,Gadapa Gadapaku ,0,0,0,0,0,0,0,0,0,0,0,0,0,1,0,0,0,0,0,0,0,0,0,0,0,0,0,0,0,0,0,0,0,0,0,0,0,0,0,0,0,0,0,0,0,0,0
VHHdrRnFP5U,2022-07-26,192.0,0.0,3000.0,-0.9880195260047911,Sakshi,Gadapa Gadapaku ,0,0,0,0,0,0,0,0,0,0,0,0,0,0,0,0,0,0,0,0,0,0,0,0,0,0,0,0,0,0,0,0,0,0,0,0,0,0,0,0,0,0,0,0,0,0,0
Z5-2rhwkZ60,2023-01-03,239.0,52.0,94369.0,-0.9973397850990297,ABN,Gadapa Gadapaku ,0,0,0,0,0,0,0,0,0,0,0,0,0,0,0,0,0,0,0,0,0,0,0,0,0,0,0,0,0,0,0,0,0,0,0,0,0,0,0,0,0,0,0,0,0,0,0
0vH1D3-Y4q0,2022-12-27,436.0,1.0,1254.0,0.9982205033302308,Sakshi,Gadapa Gadapaku ,0,0,1,0,0,0,1,1,0,0,1,0,1,0,0,0,1,0,0,0,0,0,1,0,0,0,0,0,0,0,0,1,0,1,0,1,0,0,0,0,1,0,1,0,0,0,1
LggfYF-y-oA,2022-11-16,178.0,10.0,2561.0,-0.9985315799713136,Sakshi,Gadapa Gadapaku ,0,0,0,1,0,0,0,0,0,0,0,0,0,0,0,0,0,1,0,0,0,0,0,0,1,0,0,0,0,0,0,0,0,1,0,0,0,0,0,0,1,0,1,0,1,0,0
3uTIV0IOCbU,2022-08-27,61.0,1.0,3408.0,-0.9976075887680054,TV5,Gadapa Gadapaku ,0,0,0,0,0,0,0,0,0,0,0,0,0,0,0,0,0,0,0,0,0,0,0,0,0,0,0,0,0,0,0,0,0,0,0,0,0,0,0,0,0,0,0,0,0,0,0
VM8PGmtt468,2022-11-29,210.0,399.0,1883930.0,-0.9975062012672424,TV5,Gadapa Gadapaku ,0,0,0,0,0,0,0,0,0,0,0,0,0,0,0,0,0,0,0,0,0,0,0,0,0,0,0,0,0,0,0,0,0,0,0,0,0,0,0,0,0,0,0,0,0,0,0
Jl50bCtL0mw,2022-08-29,181.0,36.0,23986.0,-0.999441921710968,Sakshi,Gadapa Gadapaku ,0,0,0,0,0,0,0,0,0,0,0,0,0,0,0,0,0,0,1,0,0,0,0,0,0,0,0,0,0,0,0,0,0,0,0,0,0,0,0,0,0,0,0,0,0,0,0
ytOzaSL58yE,2022-12-06,90.0,10.0,837.0,-0.9914014935493468,Sakshi,Gadapa Gadapaku ,0,0,0,0,0,0,0,0,0,0,0,0,0,0,0,0,0,0,0,0,0,0,0,0,0,0,0,0,0,0,0,0,0,0,0,0,0,0,0,0,1,0,0,0,0,0,0
8JRC1uxPf2A,2022-08-27,259.0,244.0,288593.0,0.996397078037262,Sakshi,Gadapa Gadapaku ,0,0,0,0,0,0,0,0,0,0,0,0,0,0,0,0,0,0,1,0,0,0,0,0,0,0,0,0,0,0,0,0,0,0,0,0,0,0,0,0,0,0,0,0,0,0,0
bVE7nUazxoQ,2022-11-27,221.0,38.0,2028.0,-0.9969854950904846,Sakshi,Gadapa Gadapaku ,0,0,0,0,0,0,0,0,0,0,1,0,0,0,0,0,0,0,0,0,0,0,0,0,0,0,0,0,0,0,0,0,0,0,0,0,0,0,0,0,0,0,0,0,0,0,0
WFJxC_VBOYw,2023-04-18,167.0,13.0,6827.0,-0.9856929779052734,Sakshi,Gadapa Gadapaku ,0,0,0,0,0,0,0,0,0,0,0,0,0,0,0,0,0,0,0,0,0,0,0,0,0,0,0,0,0,0,0,0,0,0,0,0,0,0,0,0,0,0,0,0,0,0,0
6VdWxU3YL5I,2022-07-28,208.0,12.0,8024.0,-0.9744918346405028,Sakshi,Gadapa Gadapaku ,0,0,0,1,0,0,0,0,0,0,0,0,0,0,0,0,0,1,0,0,0,1,0,0,0,0,0,0,0,0,0,0,0,0,0,0,0,0,0,0,0,0,0,1,0,0,0
nlEuB1vB2hA,2022-09-09,103.0,6.0,2614.0,0.997568905353546,Sakshi,Gadapa Gadapaku ,0,0,0,0,0,0,0,0,0,0,0,0,0,0,0,0,0,0,0,0,0,0,0,0,0,0,0,0,0,0,0,0,0,0,0,0,0,0,0,0,0,0,0,0,0,0,0
qLJW5-FOHW4,2022-12-16,245.0,77.0,69939.0,-0.9976401329040528,TV5,Gadapa Gadapaku ,0,0,0,0,0,0,0,0,0,0,0,0,0,0,0,0,0,0,0,0,0,0,0,1,0,0,0,0,0,0,0,0,0,0,0,0,0,0,0,0,0,0,0,0,0,0,0
GI7JIZP__Gs,2022-11-23,207.0,2.0,11822.0,-0.9948220252990724,TV9,Gadapa Gadapaku ,0,0,0,0,0,0,0,0,0,0,0,0,0,0,0,0,0,0,0,0,0,0,0,0,0,0,0,0,0,0,0,0,0,0,0,0,0,0,0,0,0,0,0,0,0,0,0
dfdMoQpyj5Q,2023-01-14,492.0,8.0,39446.0,-0.9678807854652404,ABN,Gadapa Gadapaku ,0,0,0,0,0,0,0,0,0,0,0,0,0,0,0,0,0,0,0,0,0,0,0,0,0,0,0,0,0,0,0,0,0,0,0,0,0,0,0,0,0,0,0,0,0,0,0
vVQO-TkbNqI,2022-06-08,437.0,9.0,2380.0,0.9965182542800904,Sakshi,Gadapa Gadapaku ,0,0,0,0,0,0,0,0,0,0,0,0,0,0,0,0,0,0,0,0,0,0,0,0,0,0,0,0,0,0,0,0,0,0,0,0,0,0,0,0,0,0,0,0,0,0,0
Ht5gZdrHibA,2022-05-11,80.0,27.0,10864.0,0.99838125705719,Sakshi,Gadapa Gadapaku ,0,0,0,0,0,0,0,0,0,0,0,0,0,0,0,0,0,1,1,0,0,0,0,0,0,0,0,0,0,1,0,0,0,0,0,1,0,0,0,0,0,0,0,0,0,0,0
rp0bwHws_Z0,2022-11-24,135.0,0.0,1371.0,0.962124764919281,TV9,Gadapa Gadapaku ,0,0,0,0,0,0,0,0,0,0,0,0,0,0,0,0,0,0,0,0,0,0,0,0,0,0,0,0,0,0,0,0,0,0,0,0,0,0,0,0,0,0,0,0,0,0,0
bHTlzcku7VE,2023-01-04,134.0,109.0,9312.0,0.9971755743026732,Sakshi,Gadapa Gadapaku ,0,0,0,0,0,0,0,0,0,0,0,0,0,0,0,0,0,0,0,0,0,0,0,1,0,0,0,0,1,0,0,0,0,0,0,0,0,0,0,0,0,0,0,0,0,0,0
k63nWglhjBQ,2022-09-29,260.0,2.0,2295.0,-0.9972556233406068,TV5,Gadapa Gadapaku ,0,0,0,0,0,0,0,0,0,0,0,0,0,0,0,0,0,0,0,0,0,0,0,0,0,0,0,0,0,0,0,0,0,0,0,0,0,0,0,0,0,0,0,0,0,0,0
hiREI9aUSLc,2022-12-28,325.0,5.0,8277.0,-0.9946988821029664,ABN,Gadapa Gadapaku ,0,0,0,0,0,0,0,0,0,0,0,0,0,0,0,0,0,0,0,0,0,0,0,0,0,0,0,0,0,0,0,0,0,0,0,0,0,0,0,0,0,0,0,0,0,0,0
DMHL1yuY7w4,2022-12-14,217.0,1.0,1139.0,0.9983717799186708,Sakshi,Gadapa Gadapaku ,0,0,0,0,0,0,0,0,0,0,0,0,0,0,0,0,0,0,0,0,0,0,0,0,0,0,0,0,0,0,0,0,0,0,0,0,0,0,0,0,1,0,0,0,0,0,0
gNRA1zOoICM,2022-12-06,174.0,7.0,2804.0,0.9968245029449464,Sakshi,Gadapa Gadapaku ,0,1,0,0,0,0,0,0,0,0,0,0,0,0,1,0,0,0,0,1,0,0,0,0,0,0,0,0,0,0,0,1,1,0,0,0,0,0,1,0,0,0,0,0,0,0,0
2PK9KiIGyFk,2022-11-02,185.0,0.0,368.0,-0.9978125095367432,ABN,Gadapa Gadapaku ,0,0,0,0,0,0,0,0,0,0,0,0,0,0,0,0,0,0,0,0,0,0,0,0,0,0,0,0,0,0,0,0,0,0,0,0,0,0,0,0,0,0,0,0,0,0,0
b3kkT1Hu2NE,2022-11-22,131.0,119.0,55905.0,0.9958437085151672,Sakshi,Gadapa Gadapaku ,0,0,0,0,0,0,0,0,0,0,0,0,0,0,0,0,0,0,0,0,0,0,0,0,0,0,0,0,0,0,0,0,0,0,0,0,0,0,0,0,0,0,0,0,0,0,0
RWEI_swdh0Y,2022-12-13,282.0,1.0,2661.0,0.9867541193962096,TV9,Gadapa Gadapaku ,0,0,0,0,0,0,0,0,0,0,0,0,0,0,0,0,0,0,0,0,0,0,0,1,0,0,0,0,0,0,0,0,0,0,0,0,0,0,0,0,0,0,0,0,0,0,0
9PMwve4TalU,2021-11-29,186.0,3.0,2304.0,0.9963250756263732,Sakshi,Gadapa Gadapaku ,0,0,0,0,0,0,0,0,0,0,0,0,0,0,0,0,0,0,0,0,0,0,0,1,0,0,0,0,0,0,0,0,0,0,0,0,0,0,0,0,0,0,0,0,0,0,0
mAAaDMh3SXs,2023-04-03,194.0,4.0,3190.0,0.9986812472343444,Sakshi,Gadapa Gadapaku ,0,0,0,0,0,0,0,0,0,0,0,0,0,0,0,0,0,0,0,0,0,0,0,0,0,0,0,0,0,0,0,0,0,0,0,0,0,0,0,0,0,0,0,0,0,0,0
S5revg2w1pc,2022-07-21,102.0,1.0,1036.0,0.9886397123336792,Sakshi,Gadapa Gadapaku ,0,0,0,0,0,0,0,0,0,0,0,0,0,0,0,0,0,0,0,0,0,0,0,0,0,0,0,0,0,0,0,0,0,0,0,0,0,0,0,0,0,0,0,0,0,0,0
2dTMJNiunNw,2022-07-15,211.0,7.0,1994.0,0.9975922107696532,Sakshi,Gadapa Gadapaku ,0,0,0,0,0,0,0,0,0,0,0,0,0,0,0,1,0,0,0,0,0,0,0,0,1,0,0,0,0,0,1,0,0,0,0,0,0,0,0,0,1,0,0,0,0,0,0
ddk3TylfJfk,2022-12-03,225.0,1.0,1100.0,0.99518084526062,Sakshi,Gadapa Gadapaku ,0,1,0,1,0,0,1,1,1,0,1,1,1,0,0,0,1,0,0,0,1,0,0,0,0,0,0,1,0,1,0,0,0,0,0,0,0,0,0,0,0,0,1,0,0,0,0
wX22j1KKxWo,2023-04-18,290.0,10.0,4917.0,0.9980133771896362,Sakshi,Gadapa Gadapaku ,1,0,1,0,0,0,0,0,0,1,0,0,0,0,1,0,1,0,0,0,0,0,0,0,1,0,0,1,0,0,0,0,0,0,0,0,0,0,1,0,0,0,0,0,0,0,0
9uHFiKTKuXc,2023-03-11,325.0,4.0,2829.0,0.9919169545173644,Sakshi,Gadapa Gadapaku ,0,1,1,0,0,0,0,1,1,1,1,1,0,0,0,0,1,1,0,0,0,1,0,0,0,1,0,0,1,1,0,1,1,0,1,1,0,1,0,0,0,0,1,1,0,0,1
bLdt_4WY1cE,2022-06-18,87.0,130.0,50610.0,-0.9912529587745668,Sakshi,Gadapa Gadapaku ,0,0,1,0,0,0,0,0,1,0,0,0,0,0,0,0,0,0,0,0,0,0,0,0,1,0,0,0,0,0,0,0,0,0,0,0,0,0,0,0,0,0,0,0,0,0,0
dKqp1vZbKqo,2022-10-20,290.0,11.0,25678.0,-0.9984583854675292,TV5,Gadapa Gadapaku ,0,0,1,0,0,0,0,0,0,0,1,0,0,0,0,0,0,0,0,0,0,1,0,0,0,0,0,0,0,0,0,0,1,0,0,0,1,0,0,0,0,0,0,0,0,0,1
DK9m6SwARTE,2022-12-03,258.0,2.0,1503.0,-0.9968981742858888,Sakshi,Gadapa Gadapaku ,0,0,0,0,0,0,0,0,0,0,0,0,0,0,0,0,0,0,0,0,0,0,0,0,0,0,0,0,0,0,0,0,0,0,0,0,0,0,0,0,0,0,0,0,0,0,0
0zwTy3crXT8,2023-02-10,176.0,80.0,70803.0,-0.9979414343833924,ABN,Gadapa Gadapaku ,0,0,0,0,0,0,0,0,0,0,0,0,0,0,0,0,0,0,0,0,0,0,0,0,0,0,0,0,0,0,0,0,0,0,0,0,0,0,0,0,0,0,0,0,0,0,0
QE42feJsD9E,2023-04-22,152.0,11.0,7216.0,0.9871711134910583,Sakshi,Gadapa Gadapaku ,0,0,0,0,0,0,0,0,0,0,0,0,0,0,0,0,0,0,0,0,0,0,0,0,0,0,0,0,0,0,0,0,0,0,0,0,0,0,0,0,0,0,0,0,0,0,0
XUyW7Gm_eRY,2022-06-17,217.0,45.0,12186.0,-0.9982548356056212,Sakshi,Gadapa Gadapaku ,0,0,0,0,0,0,0,0,0,0,0,0,0,1,0,0,0,0,0,0,0,0,0,0,0,0,0,0,0,0,0,1,0,0,0,0,0,0,0,0,0,0,0,0,0,0,1
5H-GuZNq6cI,2023-01-19,192.0,7.0,4144.0,0.997240662574768,Sakshi,Gadapa Gadapaku ,0,0,0,0,0,0,0,0,0,0,0,0,0,0,0,0,0,0,0,0,0,0,0,0,0,0,0,0,0,0,0,0,0,0,0,0,0,0,0,1,0,0,0,0,0,0,0
J2xvdJgz8Hs,2022-12-27,362.0,4.0,4697.0,0.9966418743133544,Sakshi,Gadapa Gadapaku ,0,0,0,0,0,0,0,1,1,0,0,1,1,0,0,0,0,0,0,0,0,0,0,0,0,0,0,1,1,0,0,0,0,0,0,1,0,0,0,0,0,1,0,1,0,0,0
rSLgbXJQxm8,2022-10-14,330.0,188.0,61170.0,0.9983274340629578,Sakshi,Gadapa Gadapaku ,0,0,0,0,0,0,0,0,0,0,0,0,1,0,0,0,0,0,0,0,0,0,0,0,0,0,1,0,0,0,0,0,0,0,0,1,0,0,0,0,0,0,0,1,0,0,0
UuaNfeEl9lM,2023-01-24,122.0,2.0,4350.0,0.989245593547821,Sakshi,Gadapa Gadapaku ,0,0,0,0,0,0,0,0,0,0,0,0,0,0,0,0,0,0,0,0,0,0,0,0,0,0,0,0,0,0,0,0,0,0,0,0,0,0,0,0,0,0,0,0,0,0,0
WQCLl9v8FcE,2022-11-15,186.0,11.0,2361.0,0.9910596013069152,Sakshi,Gadapa Gadapaku ,0,0,0,0,0,0,0,0,0,0,1,1,0,0,0,0,0,1,0,0,0,0,0,0,0,0,0,0,1,1,0,1,0,0,0,0,0,0,0,0,0,1,0,1,0,0,0
nM3AVDnq6v4,2022-07-21,400.0,0.0,2529.0,0.997864067554474,Sakshi,Gadapa Gadapaku ,1,0,0,0,0,0,0,0,0,0,0,0,0,0,0,0,0,0,0,0,0,0,0,0,0,0,0,0,0,0,0,0,0,0,0,0,0,0,0,0,0,0,0,0,0,0,0
sKHNl206as8,2019-12-21,104.0,0.0,503.0,0.9984605312347412,Sakshi,Gadapa Gadapaku ,0,0,0,0,0,0,0,0,0,0,0,0,0,0,0,0,0,0,0,0,0,0,0,0,0,0,0,0,0,0,0,0,0,0,0,0,0,0,0,0,0,0,0,0,0,0,0
xSFDEp_wf_w,2022-09-30,258.0,10.0,3374.0,0.9982506632804872,Sakshi,Gadapa Gadapaku ,0,1,1,0,0,0,0,0,0,1,0,1,1,0,0,0,0,0,0,0,0,1,0,0,0,1,0,0,0,1,0,1,1,0,0,0,0,0,0,0,0,0,0,0,0,0,0
jT9KGQy4hxc,2022-07-14,534.0,1.0,2631.0,-0.9988756775856018,Sakshi,Gadapa Gadapaku ,0,0,0,0,0,0,0,0,0,0,0,0,0,0,0,0,0,0,0,0,0,0,0,0,0,0,0,0,0,0,0,0,0,0,0,0,0,0,0,0,0,0,0,0,0,0,0
BraNWsVyprs,2022-08-29,137.0,4.0,3491.0,-0.9981020092964172,TV5,Gadapa Gadapaku ,0,0,0,0,0,0,0,0,0,0,0,0,0,0,0,0,0,0,0,0,0,0,0,0,0,0,0,0,0,0,0,0,0,0,0,0,0,0,0,0,0,0,0,0,0,0,0
fbZxGwZn1Po,2023-03-19,339.0,99.0,99741.0,0.997858464717865,Sakshi,Gadapa Gadapaku ,0,0,0,0,0,0,0,0,0,0,0,0,0,0,0,0,0,0,0,0,0,0,0,0,0,0,0,0,0,0,0,0,0,0,0,0,0,0,0,0,0,0,0,0,0,0,0
LIbSq65Wba4,2023-03-19,346.0,0.0,2454.0,0.9904049634933472,TV9,Gadapa Gadapaku ,0,0,0,0,0,0,0,0,0,0,0,0,0,0,0,0,0,0,0,0,0,0,0,0,0,0,0,0,0,0,0,0,0,0,0,0,0,0,0,0,0,0,0,0,0,0,0
Hb3Bo4sUPNY,2022-12-16,194.0,13.0,7103.0,-0.9816624522209167,TV9,Gadapa Gadapaku ,0,0,0,0,0,0,0,0,0,0,0,0,0,0,0,0,0,0,0,0,0,0,0,1,0,0,0,0,0,0,0,0,0,0,0,0,0,0,0,0,0,0,0,0,0,0,0
o9-F7I7i5q8,2022-12-08,362.0,36.0,20652.0,-0.9964115023612976,TV9,Gadapa Gadapaku ,0,1,0,0,0,0,0,0,0,0,0,1,0,0,0,0,0,0,0,0,0,0,0,0,0,0,0,0,0,0,0,1,0,0,0,0,0,0,0,0,0,0,0,0,1,0,0
obht98L-vFQ,2022-11-11,92.0,1.0,1668.0,0.99671471118927,Sakshi,Gadapa Gadapaku ,0,0,0,0,0,0,0,0,0,0,0,0,0,0,0,0,0,0,0,0,0,0,0,0,0,0,0,0,0,0,0,0,0,0,0,0,0,0,0,0,0,0,0,0,0,0,0
eKcUYBNc_CI,2022-05-11,232.0,32.0,22586.0,-0.9740834832191468,Sakshi,Gadapa Gadapaku ,0,0,0,0,0,0,0,0,1,0,0,0,0,0,0,0,0,0,0,0,0,0,0,0,0,0,0,0,0,0,0,0,0,0,0,0,0,0,0,0,0,0,0,0,0,0,0
fJ3ePt5AdSM,2022-11-02,337.0,0.0,939.0,-0.9985426664352416,ABN,Gadapa Gadapaku ,0,0,0,0,0,0,0,0,0,0,0,0,0,0,0,0,0,0,0,0,0,0,0,0,0,0,0,0,0,0,0,0,0,0,0,0,0,0,0,0,0,0,0,0,0,0,0
eS7-aWTlyrk,2022-10-07,137.0,0.0,3054.0,0.9978110194206238,Sakshi,Gadapa Gadapaku ,0,0,0,0,0,0,0,0,0,0,0,0,0,0,0,0,0,0,0,0,0,0,0,0,0,0,0,0,0,0,0,0,0,0,0,0,0,0,0,0,0,0,0,0,0,0,0
vYZAd6z7psk,2022-12-05,98.0,2.0,1940.0,0.9967818260192872,Sakshi,Gadapa Gadapaku ,0,1,0,0,0,0,0,0,0,0,0,1,0,1,0,0,0,0,0,0,0,0,0,0,0,0,0,0,0,0,0,1,0,0,1,0,0,0,0,0,0,0,0,0,0,0,0
YWaUSjooXjY,2022-06-30,424.0,4.0,1354.0,-0.9971036314964294,Sakshi,Gadapa Gadapaku ,0,0,0,0,0,0,1,0,1,0,0,0,0,0,0,0,0,0,0,0,0,0,1,0,0,0,0,0,0,0,0,0,0,0,0,0,0,0,0,0,0,0,0,0,0,0,0
V2jasNdDw0M,2022-05-14,156.0,47.0,16562.0,-0.9959900975227356,Sakshi,Gadapa Gadapaku ,0,0,0,0,0,0,0,0,0,1,0,1,1,0,1,0,0,0,0,1,0,0,0,0,0,0,0,0,0,0,0,0,0,1,0,0,0,0,1,0,0,0,0,0,1,0,0
44ciXba4piY,2022-11-02,60.0,2.0,1589.0,-0.9878029227256776,TV5,Gadapa Gadapaku ,0,0,0,0,0,0,0,0,0,0,0,0,0,0,0,0,0,0,0,0,0,0,0,0,0,0,0,0,0,0,0,0,0,0,0,0,0,0,0,0,0,0,0,0,0,0,0
cKuzdvTE3p4,2022-12-16,380.0,1.0,2095.0,0.9929168224334716,Sakshi,Gadapa Gadapaku ,0,0,0,0,0,0,0,0,0,0,0,0,0,0,0,0,0,0,0,0,0,0,0,0,0,0,0,0,0,0,0,0,0,0,0,0,0,0,0,0,0,0,0,0,0,0,0
DFsstw7SMHk,2022-06-30,268.0,3.0,3061.0,-0.9994519352912904,Sakshi,Gadapa Gadapaku ,0,0,0,0,0,0,0,0,0,0,0,0,0,0,0,0,0,0,0,0,0,0,0,0,0,0,0,0,0,0,0,0,0,0,0,0,0,0,0,0,0,0,0,0,0,0,0
nh2INkKiAIw,2023-01-24,146.0,5.0,1181.0,0.9843831658363342,Sakshi,Gadapa Gadapaku ,0,0,0,0,0,0,0,0,0,0,0,0,0,0,0,0,0,0,0,0,0,0,0,0,0,0,0,0,0,0,0,0,0,0,0,0,0,0,0,0,0,0,0,0,0,0,0
RLRa3ge41XQ,2022-05-13,204.0,56.0,11651.0,0.9979191422462464,Sakshi,Gadapa Gadapaku ,0,0,1,0,0,0,0,0,1,0,0,0,0,0,0,0,0,0,0,0,0,0,0,0,0,0,0,0,0,0,1,1,0,0,1,0,0,0,0,0,0,0,0,0,0,0,0
CsdFbMAWdlI,2022-11-20,148.0,10.0,1568.0,0.994541585445404,Sakshi,Gadapa Gadapaku ,0,0,0,0,0,0,0,0,0,0,0,0,0,0,0,0,0,0,0,0,0,0,0,0,1,0,0,0,0,0,1,0,0,1,0,0,0,0,0,1,0,0,0,0,0,0,0
ofLJGoSfU-k,2023-01-23,99.0,5.0,1569.0,0.9908789992332458,Sakshi,Gadapa Gadapaku ,0,0,0,0,0,0,0,0,0,0,0,0,0,0,0,0,0,0,0,0,0,0,0,0,0,0,0,0,0,0,0,0,0,0,0,0,0,0,0,0,0,0,0,0,0,0,0
eMrDBOOkJMk,2023-03-30,144.0,1.0,2549.0,-0.998134195804596,ABN,Gadapa Gadapaku ,0,0,0,0,0,0,0,0,0,0,0,0,0,0,0,0,0,0,0,0,0,0,0,0,0,0,0,0,0,0,0,0,0,0,0,0,0,0,0,0,0,0,0,0,0,0,0
gL8zSzwhEV4,2023-02-03,120.0,0.0,2374.0,0.9985315799713136,ABN,Gadapa Gadapaku ,0,0,0,0,0,0,0,0,0,0,0,0,0,0,0,0,0,0,0,0,0,0,0,0,0,0,0,0,0,0,0,0,0,0,0,0,0,0,0,0,0,0,0,0,0,0,0
SNoVCmOSSfY,2023-04-22,235.0,1.0,1685.0,-0.9969124794006348,TV5,Gadapa Gadapaku ,0,0,0,0,0,0,0,0,0,0,0,0,0,0,0,0,0,0,0,0,0,0,0,0,0,0,0,0,0,0,0,0,0,0,0,0,0,0,0,0,0,0,0,0,0,0,0
n_KxFDik0GI,2022-08-29,277.0,27.0,6454.0,-0.9944104552268982,TV5,Gadapa Gadapaku ,0,0,0,0,0,0,0,0,0,0,0,0,0,0,0,0,0,0,0,0,0,0,0,0,0,0,0,0,0,0,0,0,0,0,0,0,0,0,0,0,0,0,0,0,0,0,0
5NkiBrnpTMc,2022-05-18,135.0,17.0,3471.0,0.991796851158142,Sakshi,Gadapa Gadapaku ,0,0,0,0,0,0,0,0,0,0,0,0,0,0,0,0,0,0,0,0,0,0,0,0,1,0,0,0,0,0,1,0,0,0,0,0,0,0,0,0,0,0,0,0,1,0,0
k7urPuYkYgg,2022-07-18,93.0,21.0,23575.0,0.9831578135490416,Sakshi,Gadapa Gadapaku ,0,0,0,0,0,0,0,0,0,0,0,0,0,0,0,0,0,0,0,0,0,0,0,1,0,0,0,0,0,0,0,0,0,0,0,0,0,0,0,0,0,0,0,0,0,0,0
vWZyttM_lDY,2022-10-22,304.0,22.0,7637.0,0.9941363334655762,Sakshi,Gadapa Gadapaku ,0,0,0,0,0,1,0,0,0,0,0,1,0,0,0,0,0,0,0,1,0,0,0,0,0,1,0,0,0,1,1,0,0,0,0,0,0,0,0,0,0,0,0,1,0,0,0
rUa5HhcDH5w,2023-04-05,125.0,1.0,1427.0,0.9977287650108336,TV9,Gadapa Gadapaku ,0,0,0,0,0,0,0,0,0,0,0,0,0,0,0,0,0,0,0,0,0,0,0,0,0,0,0,0,0,0,0,0,0,0,0,0,0,0,0,0,0,0,0,0,0,0,0
SO2Y6lBUYDA,2022-09-14,70.0,0.0,828.0,-0.99519944190979,TV5,Gadapa Gadapaku ,0,0,0,0,0,0,0,0,0,0,0,0,0,0,0,0,0,0,0,0,0,0,0,0,0,0,0,0,0,0,0,0,0,0,0,0,0,0,0,0,0,0,0,0,0,0,0
2C-r5dLTCdk,2022-06-29,479.0,0.0,1186.0,-0.9934072494506836,Sakshi,Gadapa Gadapaku ,0,0,0,0,0,0,0,0,0,0,0,0,0,0,0,0,0,1,0,0,0,0,0,0,0,0,1,0,0,0,0,0,0,0,0,1,0,1,0,0,0,0,0,0,1,0,0
EmZhPn86xTU,2023-04-03,55.0,1.0,633.0,-0.98431396484375,TV5,Gadapa Gadapaku ,0,0,0,0,0,0,0,0,0,0,0,0,0,0,0,0,0,0,0,0,0,0,0,0,0,0,0,0,0,0,0,0,0,0,0,0,0,0,0,0,0,0,0,0,0,0,0
tmnNt6JzGPo,2022-11-03,83.0,14.0,3003.0,-0.9841700792312622,Sakshi,Gadapa Gadapaku ,0,0,0,0,0,0,0,0,0,0,0,0,0,0,0,0,0,0,0,0,0,0,0,0,0,0,0,0,0,0,0,0,0,0,0,0,0,0,0,0,0,0,0,0,0,0,0
qLSQCNFCpJM,2023-01-25,190.0,4.0,1873.0,-0.9885132908821106,Sakshi,Gadapa Gadapaku ,0,0,0,0,0,0,0,0,0,0,0,0,0,0,0,0,0,0,0,0,0,0,0,0,0,0,0,0,0,0,0,0,0,0,0,0,0,0,0,0,0,0,0,0,0,0,0
IzOEqheThl8,2023-03-14,104.0,32.0,16931.0,-0.7800822257995605,TV5,Gadapa Gadapaku ,0,0,0,0,0,0,0,0,0,0,0,0,0,0,0,0,0,0,0,0,0,0,0,0,0,0,0,0,0,0,0,0,0,0,0,0,0,0,0,0,0,0,0,0,0,0,0
t_lPzAk56SM,2021-02-20,213.0,0.0,2274.0,0.998498558998108,Sakshi,Gadapa Gadapaku ,0,0,0,0,0,0,0,0,0,0,0,0,0,0,0,0,0,0,0,0,0,0,0,0,0,0,0,0,0,0,0,0,0,0,0,0,0,0,0,0,0,0,0,0,0,0,0
TLX0-q9mKcQ,2022-12-01,231.0,2.0,22348.0,-0.9966452717781068,TV9,Gadapa Gadapaku ,0,0,1,0,1,0,0,0,0,0,0,0,0,0,0,0,0,0,0,0,0,0,0,0,0,0,0,0,0,0,0,0,0,0,0,0,0,0,0,0,0,0,0,0,0,0,0
Mqb88ru1RSc,2022-08-22,119.0,35.0,4433.0,-0.983911395072937,TV5,Gadapa Gadapaku ,0,0,0,0,0,0,0,0,0,0,0,0,0,0,0,0,0,0,0,0,0,0,0,0,0,0,0,0,0,0,0,0,0,0,0,0,0,0,0,0,0,0,0,0,0,0,0
DF0Cc-bkyv0,2023-02-12,316.0,34.0,48267.0,0.9969791173934937,TV5,Gadapa Gadapaku ,0,0,0,0,0,0,0,0,0,0,0,0,0,0,0,0,0,0,0,0,0,0,0,0,0,0,0,0,0,0,0,0,0,0,0,0,0,0,0,0,0,0,0,0,0,0,0
GMC_QPcTDuk,2022-08-02,166.0,1.0,1352.0,0.9946829676628112,Sakshi,Gadapa Gadapaku ,0,0,0,0,0,0,0,0,0,0,0,0,0,0,0,0,0,0,0,0,0,0,0,0,0,0,0,0,1,0,0,0,0,0,0,0,0,0,0,0,0,0,0,0,0,0,0
Wk3YjWos3Z0,2022-07-14,113.0,2.0,2625.0,-0.9929384589195251,Sakshi,Gadapa Gadapaku ,0,0,0,0,0,0,0,0,0,0,0,0,0,0,0,0,0,0,0,0,0,0,0,0,0,0,0,0,0,0,0,0,0,0,0,0,0,0,0,0,0,0,0,0,0,0,0
isv5CDdA9kA,2022-12-16,70.0,107.0,70494.0,0.9255467653274536,Sakshi,Gadapa Gadapaku ,0,0,1,0,0,0,0,0,0,0,0,0,0,0,0,0,0,0,0,0,0,0,0,0,0,1,0,0,0,0,0,1,1,0,0,0,1,1,0,0,0,0,0,1,0,0,0
M2RH6V3J6UI,2022-07-22,110.0,3.0,1865.0,0.994730830192566,Sakshi,Gadapa Gadapaku ,0,0,0,0,0,0,0,0,0,0,0,0,1,0,0,0,0,0,0,0,0,0,0,0,0,0,0,0,0,0,0,0,0,0,0,0,0,0,0,0,0,0,0,0,0,0,0
1rX-WS2JNS0,2022-05-18,82.0,13.0,3318.0,0.9918652176856996,Sakshi,Gadapa Gadapaku ,0,0,0,0,0,0,0,0,0,0,0,0,0,0,0,0,0,0,0,0,0,0,0,0,0,0,0,0,0,0,0,0,0,0,0,0,0,0,0,0,0,0,0,0,0,0,0
XM9NRltDjJg,2023-01-06,167.0,1.0,871.0,-0.9925836324691772,ABN,Gadapa Gadapaku ,0,0,0,0,0,0,0,0,0,0,0,0,0,0,0,0,0,0,0,0,0,0,0,0,0,0,0,0,0,0,0,0,0,0,0,0,0,0,0,0,0,0,0,0,0,0,0
bAO2_6WCkwo,2023-01-26,423.0,2.0,911.0,0.9885413646697998,Sakshi,Gadapa Gadapaku ,0,0,0,0,0,0,0,0,0,0,0,0,0,0,0,0,0,0,0,0,0,0,0,0,0,0,0,0,0,0,1,0,0,0,0,0,0,0,0,0,0,0,0,0,0,1,0
pv5Q-9rByy4,2022-05-12,263.0,47.0,14835.0,0.9970433115959167,Sakshi,Gadapa Gadapaku ,0,0,0,0,0,0,0,0,0,0,0,1,0,0,0,0,0,0,0,0,0,0,0,0,0,0,0,0,0,0,0,0,0,0,0,0,0,0,0,0,0,0,0,0,0,1,0
YmepSQFq_A4,2023-01-04,52.0,5.0,12169.0,-0.9984055161476136,ABN,Gadapa Gadapaku ,0,0,0,0,0,0,0,0,0,0,0,0,0,0,0,0,0,0,0,0,0,0,0,0,0,0,0,0,0,0,0,0,0,0,0,0,0,0,0,0,0,0,0,0,0,0,0
vcHxzSpjTAo,2022-10-19,97.0,0.0,380.0,0.9983855485916138,ABN,Gadapa Gadapaku ,0,0,0,0,0,0,0,0,0,0,0,0,0,0,0,0,0,0,0,0,0,0,0,0,0,0,0,0,0,0,0,0,0,0,0,0,0,0,0,0,0,0,0,0,0,0,0
8ZU2wkOKm8I,2023-01-11,303.0,48.0,35006.0,-0.9925563931465148,ABN,Gadapa Gadapaku ,0,0,0,0,0,0,0,0,0,0,0,0,0,0,0,0,0,0,0,0,0,0,0,0,0,0,0,0,0,0,0,0,0,0,0,0,0,0,0,0,0,0,0,0,0,0,0
N7v4YOgagpI,2023-02-05,374.0,5.0,4597.0,0.991722285747528,Sakshi,Gadapa Gadapaku ,0,0,0,0,0,0,0,0,0,0,0,0,0,0,0,0,0,0,0,0,0,0,0,0,0,0,0,0,0,0,0,0,0,0,0,0,0,0,0,0,0,0,0,0,0,0,0
krKyIWqY_pY,2023-01-10,302.0,34.0,10659.0,-0.96982342004776,Sakshi,Gadapa Gadapaku ,1,0,1,0,1,0,0,0,1,0,0,0,0,0,0,0,0,0,0,0,0,0,0,0,0,0,0,0,0,0,0,0,0,0,0,0,0,0,0,0,0,0,0,0,0,0,0
Lt4sQQgYSSM,2022-06-12,122.0,38.0,31896.0,0.9966506361961364,Sakshi,Gadapa Gadapaku ,0,0,0,0,0,0,0,0,0,0,0,0,0,0,0,0,0,0,1,0,0,0,0,0,0,0,0,0,0,0,0,0,0,0,0,0,0,0,0,0,0,0,0,0,0,0,0
TDsMzGOO7QA,2022-12-20,204.0,18.0,21626.0,-0.993137001991272,TV9,Gadapa Gadapaku ,0,0,0,0,0,0,0,0,1,0,0,0,0,0,0,0,1,0,0,0,0,0,0,0,0,0,0,0,0,0,0,0,0,0,0,1,0,0,0,0,0,0,0,0,0,0,0
E_h0EqpdseI,2022-09-07,349.0,6.0,5190.0,-0.998590648174286,TV5,Gadapa Gadapaku ,0,0,0,0,0,0,0,0,0,0,0,0,0,0,0,0,0,0,0,0,0,0,0,0,0,0,0,0,0,0,0,0,0,0,0,0,0,0,0,0,0,0,0,0,0,0,0
rfT3dRTVT-g,2022-11-28,171.0,1.0,3274.0,-0.9989606142044068,ABN,Gadapa Gadapaku ,0,0,0,0,0,0,0,0,0,0,0,0,0,0,0,0,0,0,0,0,0,0,0,0,0,0,0,0,0,0,0,0,0,0,0,0,0,0,0,0,0,0,0,0,0,0,0
S2v4Km6lBHI,2022-07-14,234.0,0.0,1730.0,0.997380793094635,Sakshi,Gadapa Gadapaku ,0,0,0,0,0,0,0,0,0,0,0,0,0,0,0,0,0,0,0,0,0,0,0,0,0,0,0,0,0,0,0,0,0,0,0,0,0,0,0,0,0,1,0,0,0,0,0
C7dxAbHnEN8,2022-10-31,170.0,2.0,2720.0,0.9928376078605652,Sakshi,Gadapa Gadapaku ,0,0,0,0,0,0,0,0,0,0,0,0,0,0,0,0,0,0,0,0,0,0,0,0,0,0,0,0,0,0,0,0,0,0,0,0,0,0,0,0,0,0,0,0,0,0,0
vah3AK4Btg0,2023-02-08,33.0,0.0,1255.0,-0.9978944659233092,TV5,Gadapa Gadapaku ,0,0,0,0,0,0,0,0,0,0,0,0,0,0,0,0,0,0,0,0,0,0,0,0,0,0,0,0,0,0,0,0,0,0,0,0,0,0,0,0,0,0,0,0,0,0,0
SUe4DhsDOoE,2023-03-24,134.0,10.0,22225.0,0.9943872690200806,TV9,Gadapa Gadapaku ,0,0,0,0,0,0,0,0,0,0,0,0,0,0,0,0,0,0,0,0,0,0,0,0,0,0,0,0,0,0,0,0,0,0,0,0,0,0,0,0,0,0,0,0,0,0,0
flgUjALQuoE,2022-12-24,314.0,1.0,4077.0,-0.997534990310669,ABN,Gadapa Gadapaku ,0,0,0,0,0,0,0,0,0,0,0,0,0,0,0,0,0,0,0,0,0,0,0,0,0,0,0,0,0,0,0,0,0,0,0,0,0,0,0,0,0,0,0,0,0,0,0
cPAoF1IXgcs,2023-04-01,174.0,2.0,2103.0,-0.9992738366127014,ABN,Gadapa Gadapaku ,0,0,0,0,0,0,0,0,0,0,0,0,0,0,0,0,0,0,0,0,0,0,0,0,0,0,0,0,0,0,0,0,0,0,0,0,0,0,0,0,0,0,0,0,0,0,0
9lxjoFPbj-Q,2022-05-11,86.0,30.0,13149.0,0.9968329071998596,Sakshi,Gadapa Gadapaku ,0,0,0,1,0,1,0,0,0,0,0,0,0,0,0,0,0,0,0,0,0,0,0,0,0,0,1,1,0,0,0,0,0,0,0,0,0,0,0,0,0,1,0,0,0,0,0
np3LEZeBCKM,2022-06-29,202.0,1.0,2991.0,0.992609441280365,Sakshi,Gadapa Gadapaku ,0,0,0,0,0,0,0,0,0,0,0,0,0,0,0,0,0,0,0,0,0,0,0,0,0,0,0,0,0,0,0,0,0,0,0,0,0,0,0,0,0,0,0,0,0,0,0
n2xTaRIxwUQ,2022-12-16,150.0,25.0,23045.0,0.9935856461524964,Sakshi,Gadapa Gadapaku ,0,0,0,0,0,0,0,0,0,0,0,0,0,0,0,0,0,0,0,0,0,1,0,1,0,0,0,0,0,0,0,0,0,0,0,0,0,0,0,0,0,0,0,0,0,0,0
fhepAYkY38A,2022-08-29,386.0,17.0,26759.0,-0.9930033087730408,Sakshi,Gadapa Gadapaku ,0,0,0,0,0,0,0,0,0,0,0,0,0,0,0,0,0,0,1,0,0,0,0,0,0,0,0,0,0,0,0,0,0,0,0,0,0,0,0,0,0,0,0,0,0,0,0
VZqVQraxpio,2022-09-30,86.0,126.0,79009.0,0.979791224002838,Sakshi,Gadapa Gadapaku ,0,1,0,0,0,0,0,0,0,1,0,1,0,0,0,0,0,0,0,0,0,1,0,0,0,1,0,0,0,0,0,1,0,0,0,0,0,0,0,0,0,0,0,0,0,0,0
S9npJYigyW0,2022-11-27,68.0,0.0,1156.0,-0.9908213019371032,TV9,Gadapa Gadapaku ,0,0,0,0,0,0,0,0,0,0,0,0,0,0,0,0,0,0,0,0,0,0,0,0,0,0,0,0,0,0,0,0,0,0,0,0,0,0,0,0,0,0,0,0,0,0,0
kC_v-fIqJLE,2022-11-21,188.0,2.0,12016.0,0.994716227054596,TV9,Gadapa Gadapaku ,0,0,0,0,0,0,0,0,0,0,0,0,0,0,0,0,0,0,0,0,0,0,0,0,0,0,0,0,0,0,0,0,0,0,0,0,0,0,0,0,0,0,0,0,0,0,0
XLSDkVTGCQg,2022-06-20,1678.0,5.0,8350.0,0.9839879870414734,Sakshi,Gadapa Gadapaku ,0,0,0,0,0,0,0,0,0,0,0,0,0,0,0,0,0,0,0,0,0,0,0,0,0,0,0,0,0,0,0,0,0,0,0,0,0,0,0,0,0,0,0,0,0,0,0
dUM2QL4G4tA,2023-03-08,226.0,0.0,46766.0,-0.9899062514305116,TV9,Gadapa Gadapaku ,0,0,0,0,0,0,0,0,0,0,0,0,0,0,0,0,0,0,0,0,0,0,0,0,0,0,0,0,0,0,0,0,0,0,0,0,0,0,0,0,0,0,0,0,0,0,0
7ZvTRSK5xno,2022-06-30,590.0,2.0,1544.0,-0.9981874823570251,Sakshi,Gadapa Gadapaku ,0,0,0,0,0,0,0,0,0,0,0,0,0,0,0,0,0,0,0,0,0,0,0,0,0,0,0,0,0,0,0,0,0,0,0,0,0,0,0,0,0,0,0,0,0,0,0
xG9Q9g5mmF4,2022-12-09,245.0,4.0,2185.0,-0.9947564601898192,ABN,Gadapa Gadapaku ,0,0,0,0,0,0,0,0,0,0,0,0,0,0,0,0,0,0,0,0,0,0,0,0,0,0,0,0,0,0,0,0,0,0,0,0,0,1,0,0,0,0,0,0,0,0,1
FmMmfSc8KE4,2022-05-10,235.0,494.0,204810.0,-0.9993543028831482,Sakshi,Gadapa Gadapaku ,0,0,0,0,0,0,0,0,0,0,0,0,0,0,0,0,0,0,1,0,0,0,0,0,0,0,0,0,0,0,0,0,0,0,0,0,0,0,0,1,1,0,0,0,0,0,0
Hd95UEs-W1g,2022-07-14,79.0,2.0,2179.0,0.9903818964958192,Sakshi,Gadapa Gadapaku ,0,0,0,0,0,0,0,0,0,0,0,0,0,0,0,0,0,0,0,0,0,0,0,0,0,0,0,0,0,0,0,0,0,0,0,0,0,0,0,0,0,0,0,0,0,0,0
Eqsp8MEc9fo,2022-10-12,316.0,42.0,15494.0,0.998273491859436,TV5,Gadapa Gadapaku ,0,0,0,0,0,0,0,0,0,0,0,0,0,0,0,0,0,0,0,0,0,0,0,0,0,0,0,0,0,0,0,0,0,0,0,0,0,0,0,0,0,0,0,0,0,0,0
k1xp3hgBcXE,2023-01-10,314.0,4.0,11798.0,-0.9831395745277404,TV9,Gadapa Gadapaku ,0,0,0,0,0,0,0,0,0,0,0,0,0,0,0,0,0,0,0,0,0,0,0,0,0,0,0,0,0,0,0,0,0,0,0,0,0,0,1,0,0,0,0,0,0,0,0
zeMBTC-jWKo,2022-11-28,153.0,77.0,15021.0,-0.9932008385658264,Sakshi,Gadapa Gadapaku ,0,0,0,1,0,0,0,1,0,0,0,0,0,0,0,0,0,0,0,0,0,0,1,0,0,1,0,0,0,0,0,0,0,0,1,0,0,0,0,0,0,0,0,0,0,0,0
wtX4PoKLCSQ,2022-12-26,286.0,3.0,3014.0,-0.998778760433197,ABN,Gadapa Gadapaku ,0,0,0,0,0,0,0,0,0,0,1,0,0,0,0,0,0,0,0,0,0,0,0,0,0,0,0,0,0,0,0,1,0,0,0,0,0,0,0,0,0,0,0,0,0,0,0
blalMGISBZM,2022-07-21,400.0,2.0,2494.0,0.997864067554474,Sakshi,Gadapa Gadapaku ,1,0,0,0,0,0,0,0,0,0,0,0,0,0,0,0,0,0,0,0,0,0,0,0,0,0,0,0,0,0,0,0,0,0,0,0,0,0,0,0,0,0,0,0,0,0,0
sNrv8qhtdSE,2022-11-17,185.0,5.0,1586.0,-0.9903408885002136,TV5,Gadapa Gadapaku ,0,0,0,0,0,0,0,0,0,0,0,0,0,1,0,0,0,0,0,0,0,0,0,0,0,0,0,0,0,0,0,0,0,1,0,0,0,0,0,0,0,0,0,0,1,0,0
tcvkXPLBmEU,2023-02-01,87.0,1.0,2439.0,-0.9993587136268616,TV5,Gadapa Gadapaku ,0,0,0,0,0,0,0,0,0,0,0,0,0,1,0,0,0,0,0,0,0,0,0,0,0,0,0,0,0,0,0,0,0,0,0,0,0,0,0,0,0,0,0,0,0,0,0
wB1nd-_MC7M,2023-01-12,166.0,3.0,756.0,-0.9948116540908812,Sakshi,Gadapa Gadapaku ,0,0,1,0,0,0,0,0,1,1,0,0,0,0,0,0,0,0,0,0,0,0,1,0,0,0,0,1,0,0,0,1,0,0,0,1,0,0,0,0,0,1,1,1,0,0,0
SFx0oOUKlBY,2022-12-12,196.0,1.0,1415.0,0.9905143976211548,TV9,Gadapa Gadapaku ,0,0,0,0,0,0,0,0,0,0,0,0,0,0,0,0,0,0,0,0,0,0,0,0,0,0,0,0,0,0,0,0,0,0,0,0,0,0,0,0,0,0,0,0,0,0,0
IdpwYkSTd_c,2022-11-05,203.0,12.0,3920.0,0.995083749294281,Sakshi,Gadapa Gadapaku ,0,0,0,0,0,0,0,0,0,0,0,0,0,0,1,0,0,0,0,0,0,0,0,0,0,0,0,0,0,0,0,0,0,0,0,0,0,0,0,0,0,0,0,0,0,0,0
mcsrBOY8_SA,2022-11-06,161.0,125.0,18961.0,-0.9986403584480286,Sakshi,Gadapa Gadapaku ,0,0,0,1,0,0,0,0,0,0,0,0,0,0,0,0,0,1,0,0,0,0,0,0,1,0,0,0,0,0,0,0,0,0,0,0,0,0,0,0,0,0,0,0,0,0,0
vziMwQTUHgE,2022-05-20,278.0,158.0,83714.0,0.9971075654029846,Sakshi,Gadapa Gadapaku ,1,0,1,0,1,0,0,0,1,0,0,0,0,0,0,0,0,0,0,0,0,0,0,0,0,0,0,0,0,0,0,0,0,1,0,0,0,0,0,0,0,0,0,0,0,0,0
bQUp6-mwxgQ,2023-04-03,138.0,5.0,6585.0,-0.998757004737854,Sakshi,Gadapa Gadapaku ,0,0,0,0,0,0,0,0,0,0,0,0,0,0,0,0,0,0,0,0,0,0,0,0,0,0,0,0,0,0,0,0,0,0,0,0,0,0,0,0,0,0,0,0,0,0,0
rHXVA23fDKc,2022-03-21,153.0,1.0,836.0,-0.9934784173965454,Sakshi,Gadapa Gadapaku ,0,0,0,0,0,0,0,1,0,0,0,0,0,0,0,0,0,0,0,0,0,0,0,0,0,0,0,0,0,0,0,0,0,0,0,0,0,0,0,0,0,0,0,0,0,0,0
DDg0HhaJGXk,2022-07-31,172.0,29.0,23403.0,-0.9950520396232604,Sakshi,Gadapa Gadapaku ,0,0,1,0,0,0,0,1,0,0,0,0,0,0,1,0,1,0,0,0,0,0,1,0,0,0,0,1,0,0,0,0,0,0,0,1,0,0,0,0,0,0,0,1,0,0,0
oHYqZJha_Nc,2022-11-02,175.0,0.0,2093.0,-0.9962410926818848,ABN,Gadapa Gadapaku ,0,0,0,0,0,0,0,0,0,0,0,0,0,0,0,0,0,0,0,0,0,0,0,0,0,0,0,0,0,0,0,0,0,0,0,0,0,0,0,0,0,0,0,0,0,0,0
NfGW-7YXB18,2023-04-11,77.0,3.0,11152.0,0.9881795644760132,ABN,Gadapa Gadapaku ,0,0,0,0,0,0,1,0,0,0,0,0,0,0,0,0,1,0,0,0,0,0,0,0,0,0,0,0,0,0,0,0,0,0,0,0,0,0,0,0,0,0,0,0,0,0,0
yYbARBPcO28,2022-12-09,301.0,25.0,31188.0,0.9954782128334044,Sakshi,Gadapa Gadapaku ,0,0,0,0,0,0,0,0,0,0,0,0,0,0,0,1,0,0,0,0,0,0,0,0,0,0,0,0,0,0,1,0,0,0,0,0,0,0,0,0,0,0,0,0,0,1,0
iDp4aEzdhHk,2022-10-30,179.0,30.0,11120.0,0.9965381622314452,Sakshi,Gadapa Gadapaku ,1,0,0,0,0,0,0,0,0,1,0,0,1,1,1,0,0,1,0,0,1,1,0,0,0,0,0,0,1,0,0,1,1,0,1,0,0,0,0,0,0,0,0,1,1,0,0
j6FUAHNIxL0,2022-06-18,141.0,13.0,8192.0,-0.9983178377151488,Sakshi,Gadapa Gadapaku ,0,0,0,0,0,0,0,1,0,1,0,1,1,0,0,0,0,0,0,0,0,0,0,0,0,0,0,0,0,1,0,0,0,0,0,0,0,1,0,0,0,0,0,1,0,0,0
hirKl_QbDoI,2022-12-12,171.0,17.0,8272.0,0.9975371360778807,Sakshi,Gadapa Gadapaku ,0,0,0,0,0,0,0,0,0,0,0,0,0,0,0,0,0,0,0,0,0,0,0,0,0,0,0,0,0,0,0,0,0,0,0,0,0,0,0,0,0,0,0,0,0,0,0
07IFOeijzbs,2022-11-29,80.0,6.0,938.0,-0.9862871766090392,Sakshi,Gadapa Gadapaku ,0,0,0,0,0,0,0,0,0,0,0,0,0,0,1,0,0,0,0,0,0,0,0,0,0,1,0,0,0,0,0,0,0,0,0,0,0,0,0,0,0,0,0,0,0,0,0
H43LZBe0iIc,2022-12-23,209.0,12.0,127954.0,0.9782228469848632,TV9,Gadapa Gadapaku ,0,0,0,0,0,0,0,0,0,0,0,0,0,0,0,0,0,0,0,0,0,0,0,0,0,0,0,0,0,0,0,0,0,0,0,0,0,0,0,0,0,0,0,0,0,0,0
wvH00zN7F5o,2022-11-22,96.0,8.0,2164.0,-0.9798271656036376,Sakshi,Gadapa Gadapaku ,0,0,0,0,0,0,0,0,0,0,0,0,0,0,1,0,0,0,0,0,0,0,0,0,0,0,0,0,0,0,0,0,0,0,0,0,0,0,0,0,0,0,0,0,0,0,0
Bbw5X94hB6U,2022-11-29,282.0,3.0,2933.0,0.9985670447349548,Sakshi,Gadapa Gadapaku ,0,0,0,0,0,0,0,0,0,0,0,0,0,0,0,0,0,0,0,0,0,0,0,0,0,0,1,0,0,0,0,0,0,0,0,0,0,0,0,0,0,0,0,1,0,0,0
Wgfxa7x8VNk,2022-07-14,529.0,0.0,1203.0,0.9889938235282898,Sakshi,Gadapa Gadapaku ,0,0,0,0,0,0,0,0,0,0,0,0,0,0,0,0,0,0,0,0,0,0,0,0,0,0,0,0,0,0,0,0,0,0,0,0,0,0,0,0,0,0,0,0,0,0,0
q3RuNSGc5C0,2022-07-28,72.0,2.0,4806.0,0.9981056451797484,Sakshi,Gadapa Gadapaku ,0,0,0,0,0,0,0,0,0,0,0,0,0,0,0,0,0,0,0,0,0,0,0,0,0,0,0,0,0,0,0,0,0,0,0,0,0,0,0,0,0,0,0,0,0,0,0
o1nIWxWIWpk,2022-12-11,171.0,11.0,3632.0,0.9833340048789978,Sakshi,Gadapa Gadapaku ,0,0,0,0,0,0,0,0,0,0,0,0,0,0,0,0,0,0,0,0,0,0,0,0,0,0,0,0,0,0,0,0,0,0,0,0,0,0,0,0,0,0,0,0,0,0,0
tg90j-UQmq8,2022-12-15,214.0,86.0,30515.0,0.9981537461280824,Sakshi,Gadapa Gadapaku ,0,0,0,0,0,0,0,0,0,0,0,0,0,0,0,0,0,0,0,0,0,0,0,1,0,0,0,0,1,0,0,0,0,0,0,0,0,0,0,0,0,0,0,0,0,0,0
9nr2QHeFwkY,2022-11-02,133.0,0.0,1640.0,-0.9987727999687196,TV5,Gadapa Gadapaku ,0,0,0,0,0,0,0,0,0,0,0,0,0,0,0,0,0,0,0,0,0,0,0,0,0,0,0,0,0,0,0,0,0,0,0,0,0,0,0,0,0,0,0,0,0,0,0
AIBhNnIU7zk,2022-08-11,155.0,166.0,43389.0,0.991706609725952,Sakshi,Gadapa Gadapaku ,0,0,0,0,0,0,0,0,0,1,0,0,0,0,0,0,0,0,1,0,0,0,0,0,0,0,0,0,0,0,0,0,0,0,0,1,0,0,0,0,0,0,0,1,0,0,0
tVn5UJ-GW_o,2022-12-16,264.0,3.0,3332.0,0.998198926448822,TV9,Gadapa Gadapaku ,0,0,0,0,0,0,0,0,0,0,0,0,0,0,0,0,0,0,0,0,0,0,0,1,0,0,0,0,0,0,0,0,0,0,0,0,0,0,0,0,0,0,0,0,0,0,0
xspC8puuiD4,2023-02-13,267.0,270.0,299331.0,0.9959906935691832,TV9,Gadapa Gadapaku ,0,0,0,0,0,0,0,0,0,0,0,0,0,0,0,0,1,0,1,0,1,1,0,0,0,0,0,0,0,0,0,0,0,1,0,0,0,0,0,0,0,0,1,0,0,0,0
gblJAYAFKX0,2022-12-14,197.0,8.0,16214.0,0.9971765279769896,TV9,Gadapa Gadapaku ,0,0,0,0,0,0,0,0,0,0,0,0,0,0,0,0,0,0,0,0,0,0,0,0,0,0,0,0,0,0,0,0,0,0,0,1,0,0,0,0,0,0,0,0,0,0,0
ApIfJ7Umh7c,2022-10-07,348.0,7.0,1439.0,-0.9992496371269226,Sakshi,Gadapa Gadapaku ,0,0,0,0,0,0,0,0,0,0,0,0,0,0,0,0,0,1,0,0,0,0,0,0,0,1,0,0,0,1,0,1,1,0,0,0,0,0,0,0,0,0,0,0,0,0,0
p2RupeUu0-Y,2022-12-08,162.0,209.0,66167.0,0.998166561126709,Sakshi,Gadapa Gadapaku ,0,0,0,0,0,0,0,0,0,0,0,0,0,0,0,0,0,0,0,0,0,0,0,1,0,0,0,0,0,0,0,0,0,0,0,0,0,0,0,0,0,0,0,0,0,0,0
FRp4JFD5aTo,2022-06-01,134.0,10.0,4745.0,0.998484194278717,Sakshi,Gadapa Gadapaku ,0,0,0,0,0,0,0,0,0,0,0,0,0,0,0,1,0,0,0,0,0,0,0,0,0,0,0,0,0,0,0,0,0,0,0,0,0,0,0,0,0,0,0,0,0,0,0
DX5KA4GSTf4,2023-04-15,195.0,6.0,4683.0,-0.9955599308013916,ABN,Gadapa Gadapaku ,0,0,0,0,0,0,0,0,0,0,0,0,0,0,0,0,0,0,0,0,0,0,0,0,0,0,0,0,0,0,0,0,0,0,0,0,0,0,0,0,0,0,0,0,0,0,0
Dtr7we8IJBE,2022-12-16,179.0,3.0,56727.0,-0.9936175346374512,TV9,Gadapa Gadapaku ,0,0,0,0,0,0,0,0,0,0,0,0,0,0,0,0,0,0,0,0,0,0,0,0,0,0,0,0,0,0,0,0,0,0,0,0,0,0,0,0,0,0,0,0,0,0,0
a6OaM-Z-AZs,2023-01-23,337.0,5.0,4576.0,0.9962822794914246,Sakshi,Gadapa Gadapaku ,0,0,0,0,0,0,0,0,0,0,0,1,0,0,0,0,0,0,0,0,0,0,0,0,0,0,0,0,1,1,0,0,0,0,0,0,0,0,0,0,0,0,0,0,0,0,0
cs98ds8VyFo,2022-08-29,129.0,31.0,8565.0,0.9981683492660522,Sakshi,Gadapa Gadapaku ,0,0,0,0,0,0,0,0,0,0,0,1,0,0,1,0,0,0,0,0,0,0,0,0,0,1,0,0,0,0,0,0,0,0,0,0,0,0,0,0,1,0,0,0,0,0,0
9YTg2GEIYD4,2022-11-02,248.0,6.0,1709.0,0.9985126852989196,Sakshi,Gadapa Gadapaku ,0,0,1,0,1,0,0,0,0,1,0,0,0,0,0,0,0,0,0,0,0,0,0,0,0,1,0,0,0,0,0,0,0,1,0,1,0,0,0,0,1,1,0,1,0,0,0
1kM4sILuV3I,2022-05-12,169.0,16.0,2819.0,-0.9891533255577089,Sakshi,Gadapa Gadapaku ,0,0,1,0,0,1,0,1,0,0,1,0,0,0,0,0,0,0,0,0,0,0,0,0,0,0,0,0,0,0,0,1,1,0,0,0,0,0,0,0,0,1,1,0,1,0,0
JVzKDJ-NWx4,2022-07-26,173.0,7.0,4447.0,-0.9932953715324402,Sakshi,Gadapa Gadapaku ,0,0,0,0,0,0,0,0,0,0,0,0,0,0,0,0,0,0,0,0,0,0,0,0,0,0,0,0,0,0,0,0,0,0,0,0,0,0,0,0,0,0,0,0,0,0,0
dGtXZlqwuiM,2023-02-15,86.0,0.0,1509.0,-0.9984153509140016,ABN,Gadapa Gadapaku ,0,0,0,0,0,0,0,0,0,0,0,0,0,0,0,0,0,0,0,0,0,0,0,0,0,0,0,0,0,0,0,0,0,0,0,0,0,0,0,0,0,0,0,0,0,0,0
Aa8ifJQsqtQ,2023-02-10,240.0,8.0,5579.0,-0.9879229664802552,TV5,Gadapa Gadapaku ,0,0,0,0,0,0,0,0,0,0,0,0,0,0,0,0,0,0,0,0,0,0,0,0,0,0,0,0,0,0,0,0,0,0,0,0,0,0,0,0,0,0,0,0,0,0,0
0DL1hPQok1g,2023-03-14,213.0,0.0,399.0,-0.9928529858589172,TV5,Gadapa Gadapaku ,0,0,0,0,0,0,0,0,0,0,0,0,0,0,0,0,0,0,0,0,0,0,0,0,0,0,0,0,0,0,0,0,0,0,0,0,0,0,0,0,0,0,0,0,0,0,0
IQGQINsEncQ,2022-08-24,68.0,0.0,2713.0,-0.9981377124786376,TV5,Gadapa Gadapaku ,0,0,0,0,0,0,0,0,0,0,0,0,0,0,0,0,0,0,0,0,0,0,0,0,0,0,0,0,0,0,0,0,0,0,0,0,0,0,0,0,0,0,0,0,0,0,0
nzPmGISmm5Q,2022-12-12,89.0,3.0,5872.0,-0.99887615442276,TV5,Gadapa Gadapaku ,0,0,0,0,0,0,0,0,0,0,0,0,0,0,0,0,0,0,0,0,0,0,0,0,0,0,0,0,0,0,0,0,0,0,0,0,0,0,0,0,0,0,0,0,0,0,0
SrivwkAB8F0,2022-05-11,128.0,30.0,9259.0,-0.988280177116394,Sakshi,Gadapa Gadapaku ,1,0,0,0,0,0,0,0,0,0,0,0,0,0,0,0,0,0,0,0,0,0,0,0,0,0,0,0,0,0,0,0,0,0,0,0,0,0,0,0,0,0,0,0,0,0,0
kKajNdpaVmE,2023-01-21,161.0,7.0,6657.0,0.9932297468185424,Sakshi,Gadapa Gadapaku ,0,0,0,0,0,0,0,0,0,0,0,0,0,0,0,0,0,0,0,0,0,0,0,0,0,0,0,0,0,0,1,0,0,0,0,0,0,0,0,0,0,0,0,0,0,0,0
mVXmnQZefZA,2022-12-21,101.0,2.0,3238.0,-0.999232530593872,ABN,Gadapa Gadapaku ,0,0,0,0,0,0,0,0,0,0,0,0,0,0,0,0,0,0,0,0,0,0,0,0,0,0,0,0,0,0,0,0,0,0,0,0,0,0,0,0,0,0,0,0,0,0,0
EoidIBZHcDg,2022-10-30,205.0,2.0,2076.0,-0.9791557192802428,Sakshi,Gadapa Gadapaku ,0,0,1,0,0,0,0,0,0,0,0,1,0,0,0,0,0,0,0,0,0,0,0,0,0,1,0,0,0,0,0,0,0,0,0,0,0,0,0,0,0,0,0,0,0,0,0
g5oF7urG9oE,2023-04-04,221.0,2.0,2606.0,-0.9994630217552184,ABN,Gadapa Gadapaku ,0,0,0,0,0,0,0,0,0,0,0,0,0,0,0,0,0,0,0,0,0,0,0,0,0,0,0,0,0,0,0,0,0,0,0,0,0,0,0,0,0,0,0,0,0,0,0
a78Jv4w4Apw,2023-04-12,213.0,6.0,4156.0,0.9834749698638916,Sakshi,Gadapa Gadapaku ,0,0,0,0,0,0,0,1,1,0,0,0,0,0,0,0,0,0,0,1,0,0,0,0,0,0,0,0,0,0,0,0,0,0,0,0,0,0,0,0,0,1,1,1,0,0,0
kMaY-ZF4EsU,2023-02-13,183.0,6.0,1394.0,0.9946740865707396,Sakshi,Gadapa Gadapaku ,0,1,0,0,0,1,0,0,0,0,0,1,0,1,0,0,0,1,0,0,0,0,0,0,0,0,0,0,1,1,0,1,0,0,0,0,0,0,0,0,0,0,0,1,0,0,0
mjKoeiNPMmY,2021-02-17,228.0,1.0,4760.0,0.991859257221222,Sakshi,Gadapa Gadapaku ,0,0,0,0,0,0,0,0,0,0,0,0,0,0,0,0,0,0,0,0,0,0,0,0,0,0,0,0,0,0,0,0,0,0,0,0,0,0,0,0,0,0,0,0,0,0,0
Krv3JGnKNs0,2023-01-10,79.0,6.0,3296.0,-0.9982342720031738,TV5,Gadapa Gadapaku ,0,0,0,0,0,0,0,0,0,0,0,0,0,0,0,0,0,0,0,0,0,0,0,0,0,0,0,0,0,0,0,0,0,0,0,0,0,0,0,0,0,0,0,0,0,0,0
jOQdHQopZJY,2022-12-29,214.0,22.0,20928.0,0.986901879310608,TV9,Gadapa Gadapaku ,0,0,0,0,0,0,0,0,0,0,0,0,0,0,0,0,0,0,0,0,0,0,0,0,0,0,0,0,0,0,0,0,0,0,0,0,0,0,0,0,0,0,0,0,0,0,0
JE4gtsCLy3Y,2022-05-28,324.0,0.0,549554.0,-0.9925056099891664,Sakshi,Gadapa Gadapaku ,0,0,0,0,0,0,0,0,0,0,0,0,0,0,0,0,0,0,0,0,0,0,0,0,0,0,0,0,0,0,0,0,0,1,0,0,0,0,0,0,0,0,0,0,1,0,0
ec9gPsw75VA,2022-07-26,216.0,8.0,2734.0,0.987547755241394,Sakshi,Gadapa Gadapaku ,0,0,0,0,0,0,0,0,0,0,0,1,0,0,0,0,0,0,0,0,0,0,0,0,0,0,0,0,0,1,0,0,0,0,0,0,0,0,0,0,0,0,0,0,0,0,0
I5__sFcrmLU,2023-03-28,199.0,0.0,314.0,-0.9957857728004456,ABN,Gadapa Gadapaku ,0,0,0,0,0,0,0,0,0,0,0,0,0,0,0,0,0,0,0,0,0,0,0,0,0,0,0,0,0,0,0,0,0,0,0,0,0,0,0,0,0,0,0,0,0,0,0
iH4q6LLDQq8,2022-11-03,279.0,5.0,1450.0,0.9975777268409728,Sakshi,Gadapa Gadapaku ,0,0,0,1,0,0,0,0,0,0,0,0,1,1,0,0,0,1,0,0,0,0,0,0,0,0,0,0,0,0,0,0,0,1,0,0,0,0,0,0,0,0,0,0,0,0,0
x8LsRrgI2qs,2022-12-30,8575.0,5.0,34866.0,-0.9910151362419128,TV5,Gadapa Gadapaku ,0,0,0,0,0,0,0,0,0,0,0,0,0,0,0,0,0,0,0,0,0,0,0,0,0,0,0,0,0,0,0,0,0,0,0,0,0,0,0,0,0,0,0,0,0,0,0
YHkwnaAnXc4,2022-11-28,85.0,0.0,1839.0,-0.9980456829071044,TV5,Gadapa Gadapaku ,0,0,0,0,0,0,0,0,0,0,0,0,0,0,0,0,0,0,0,0,0,0,0,0,0,0,0,0,0,0,0,0,0,0,0,0,0,0,0,0,0,0,0,0,0,0,0
naoTZ0G-IQg,2022-10-07,230.0,8.0,2117.0,-0.9830321073532104,Sakshi,Gadapa Gadapaku ,0,0,0,0,0,0,0,0,0,0,0,0,0,0,1,0,0,0,0,0,1,0,0,0,0,0,0,0,0,0,0,0,0,0,0,0,0,0,0,0,0,0,0,0,0,0,0
xXGtUzfrQ-s,2023-04-21,194.0,9.0,11076.0,-0.9965524673461914,ABN,Gadapa Gadapaku ,0,0,0,0,0,0,0,0,0,0,0,0,0,0,0,0,0,0,0,0,0,0,0,0,0,0,0,0,0,0,0,0,0,0,0,0,0,0,0,0,0,0,0,0,0,0,0
1oAfSAxLzPU,2023-02-14,358.0,30.0,62355.0,-0.9984424710273744,TV5,Gadapa Gadapaku ,0,0,0,0,0,0,0,0,0,0,0,0,0,0,0,1,0,0,0,0,0,0,0,0,0,0,0,0,0,0,1,0,0,0,0,0,0,0,0,0,0,0,0,0,0,0,0
ly-CnDcNqj8,2023-01-11,232.0,1.0,1737.0,-0.9896592497825624,TV9,Gadapa Gadapaku ,0,0,0,0,0,0,0,0,0,0,0,0,0,0,0,0,0,0,0,0,0,0,0,0,0,0,0,0,0,0,0,0,0,0,0,0,0,0,0,0,0,0,0,0,0,0,0
7i6pyXI3eJ8,2022-07-28,77.0,6.0,2516.0,0.996260404586792,Sakshi,Gadapa Gadapaku ,0,0,0,0,0,0,0,0,0,0,0,0,0,0,0,0,0,0,0,0,0,0,0,0,0,0,0,0,0,0,0,0,0,0,0,0,0,0,0,0,0,0,0,0,0,0,0
Z13QHkY-dJI,2023-02-28,224.0,11.0,21121.0,-0.9978044629096984,TV5,Gadapa Gadapaku ,0,0,0,0,0,0,0,0,0,0,0,0,0,0,0,0,0,0,0,0,0,0,0,0,0,0,0,0,0,0,0,0,0,0,0,0,0,0,0,0,0,0,0,0,0,0,0
fJNTH21Ur9c,2023-01-18,73.0,0.0,1595.0,-0.9973449110984802,TV5,Gadapa Gadapaku ,0,0,0,0,0,0,0,0,0,0,0,0,0,0,0,0,0,0,0,0,0,0,0,0,0,0,0,0,0,0,0,0,0,0,0,0,0,0,0,0,0,0,0,0,0,0,0
PQuMqv-1Gtk,2022-09-15,401.0,2.0,1283.0,0.99627423286438,Sakshi,Gadapa Gadapaku ,0,0,0,0,0,0,0,0,0,0,0,0,0,0,0,0,0,0,0,0,0,0,0,0,0,0,0,0,0,0,0,0,0,0,0,0,0,0,0,0,0,0,0,0,0,0,0
hNVTN2q5vXY,2023-03-18,165.0,12.0,33787.0,-0.9937769174575806,TV5,Gadapa Gadapaku ,0,0,0,0,0,0,0,0,0,0,0,0,0,0,0,0,0,0,0,0,0,0,0,0,0,0,0,0,0,0,0,0,0,0,0,0,1,0,0,0,0,0,0,0,0,0,0
BpiSX_B6G84,2022-11-28,116.0,0.0,4083.0,-0.9951634407043456,TV5,Gadapa Gadapaku ,0,0,0,0,0,0,0,0,0,0,0,0,0,0,0,0,0,0,0,0,0,0,0,0,0,0,0,0,0,0,0,0,0,0,0,0,0,0,0,0,0,0,0,0,0,0,0
WpGqeH4sjD0,2022-06-04,296.0,61.0,35210.0,0.993885576725006,Sakshi,Gadapa Gadapaku ,0,0,0,0,0,0,0,1,0,0,0,0,0,0,0,0,0,1,0,1,0,0,1,0,0,0,0,1,0,0,0,0,0,0,1,0,0,0,0,0,0,0,0,0,0,0,0
vS3MD8g28rg,2022-07-21,225.0,3.0,3435.0,0.9896730184555054,Sakshi,Gadapa Gadapaku ,0,0,0,0,0,0,0,0,0,0,0,0,0,0,0,0,0,0,0,0,0,0,0,0,0,0,0,0,0,0,0,0,0,0,0,1,0,0,0,0,0,0,0,0,0,0,0
mcyah7ddoNE,2023-02-11,38.0,1.0,1245.0,-0.9993696808815002,TV5,Gadapa Gadapaku ,0,0,0,0,0,0,0,0,0,0,0,0,0,0,0,0,0,0,0,0,0,0,0,0,0,0,0,0,0,0,0,0,0,0,0,0,0,0,0,0,0,0,0,0,0,0,0
ZDal3HSRbUY,2022-07-28,96.0,3.0,4853.0,0.9898784160614014,Sakshi,Gadapa Gadapaku ,0,0,0,0,0,0,0,0,0,0,0,0,0,0,0,0,0,0,0,0,0,0,0,0,0,0,0,0,0,0,0,0,0,0,0,0,0,0,0,0,0,0,0,0,0,0,0
hbFOREkr7JU,2023-02-28,77.0,1.0,5934.0,0.9976661205291748,TV5,Gadapa Gadapaku ,0,0,0,0,0,0,0,0,0,0,0,0,0,0,0,0,0,0,0,0,0,0,0,0,0,0,0,0,0,0,0,0,0,0,0,0,0,0,0,0,0,0,0,0,0,0,0
FefhW4Ut22E,2022-09-29,115.0,0.0,3204.0,0.99586820602417,TV5,Gadapa Gadapaku ,0,0,0,0,0,0,0,0,0,0,0,0,0,0,0,0,0,0,0,0,0,0,0,0,0,0,0,0,0,0,0,0,0,0,0,0,0,0,0,0,0,0,0,0,0,0,0
v9IgDblDW4s,2022-06-30,175.0,14.0,8331.0,0.9915348291397096,Sakshi,Gadapa Gadapaku ,0,0,0,0,0,0,0,0,0,0,0,0,0,0,0,0,0,0,0,0,0,0,0,0,0,0,0,0,0,0,0,0,0,0,0,0,0,0,0,1,1,0,0,0,0,0,0
KWjZhikTPW0,2022-06-08,209.0,30.0,14909.0,0.9945527911186218,Sakshi,Gadapa Gadapaku ,0,0,0,0,0,0,0,0,0,0,0,0,0,0,0,0,0,0,0,0,0,1,0,1,0,0,0,0,0,0,0,0,0,0,0,0,0,0,0,0,0,0,0,0,0,0,0
jHDHPBvgWAo,2022-07-26,79.0,2.0,2154.0,0.9973577857017516,Sakshi,Gadapa Gadapaku ,0,0,0,0,0,0,0,0,0,0,0,0,0,0,0,0,0,0,0,0,0,0,0,0,0,0,0,0,0,0,0,0,0,0,0,0,0,0,0,0,0,0,0,0,0,0,0
J3jP5NLhtWI,2022-07-26,119.0,3.0,3543.0,-0.9883227944374084,Sakshi,Gadapa Gadapaku ,0,0,0,0,0,0,0,0,0,0,0,0,0,0,0,0,0,0,0,0,0,0,0,0,0,0,0,0,0,0,0,0,0,0,0,0,0,0,0,0,0,0,0,0,0,0,0
JDsix0u5YcQ,2023-03-01,130.0,12.0,10636.0,-0.9977869987487792,TV5,Gadapa Gadapaku ,0,0,0,0,0,0,0,0,0,0,0,0,0,0,0,0,0,0,0,0,0,0,0,0,0,0,0,0,0,0,0,0,0,0,0,0,0,0,0,0,0,0,0,0,0,0,0
ft4239kEczo,2023-01-05,32.0,0.0,895.0,-0.9985633492469788,TV9,Gadapa Gadapaku ,0,0,0,0,0,0,0,0,0,0,0,0,0,0,0,0,0,0,0,0,0,0,0,0,0,0,0,0,0,0,0,0,0,0,0,0,0,0,0,0,0,0,0,0,0,0,0
X5CuJhyTdps,2022-10-08,155.0,3.0,1888.0,-0.9958781003952026,Sakshi,Gadapa Gadapaku ,0,1,0,0,0,0,0,0,0,0,0,0,0,0,1,0,0,1,0,0,0,0,0,0,0,1,0,0,0,0,0,0,0,0,0,0,0,1,0,0,0,0,0,0,0,0,0
iK4OZyorsCo,2022-08-01,131.0,7.0,5065.0,0.9967958331108092,Sakshi,Gadapa Gadapaku ,0,0,0,0,0,0,1,0,0,0,0,1,1,0,0,0,0,0,0,0,0,0,1,0,0,0,0,0,0,0,0,0,0,0,0,0,0,0,0,0,0,0,0,0,0,0,0
ps4eFF1nSZc,2023-01-23,146.0,7.0,6150.0,0.9955849647521972,Sakshi,Gadapa Gadapaku ,0,0,0,0,0,0,0,0,0,0,0,0,0,0,0,0,0,0,0,0,0,0,0,0,0,0,0,0,0,0,0,0,0,0,0,0,0,0,0,0,0,0,0,0,0,0,0
FREcMczcmD4,2022-06-08,247.0,21.0,6582.0,0.9984185695648192,Sakshi,Gadapa Gadapaku ,0,0,0,0,0,0,0,1,0,0,1,0,0,0,0,0,0,0,0,0,0,0,0,0,0,1,0,0,0,0,0,0,0,0,1,0,0,0,0,0,0,0,0,0,0,0,0
Ae2Yw2Ta3KM,2022-07-21,195.0,3.0,2738.0,0.9946473240852356,Sakshi,Gadapa Gadapaku ,0,0,0,0,0,0,0,0,0,0,0,0,0,0,0,0,0,0,0,0,0,0,0,0,0,0,0,0,0,0,0,0,0,0,0,0,0,0,0,0,0,0,0,0,0,0,0
Rj6_78gIRsY,2022-10-07,329.0,8.0,3053.0,-0.9979896545410156,TV5,Gadapa Gadapaku ,0,0,0,0,0,0,0,0,0,0,0,0,0,0,0,0,0,0,0,0,0,0,0,0,0,0,0,0,0,0,0,0,0,0,0,0,0,0,0,0,0,0,0,0,0,0,0
5CsB5zyBsYU,2022-05-11,174.0,59.0,37696.0,0.9915675520896912,Sakshi,Gadapa Gadapaku ,0,0,0,0,0,0,0,0,0,0,0,0,0,0,0,0,0,0,0,0,0,0,0,0,0,0,0,0,0,0,0,0,0,0,0,0,0,0,0,0,0,0,0,0,0,0,0
w3JiAZgqKU4,2023-03-13,131.0,0.0,3115.0,0.9983201622962952,TV5,Gadapa Gadapaku ,0,0,0,0,0,0,0,0,0,0,0,0,0,0,0,0,0,0,0,0,0,0,0,0,0,0,0,0,0,0,0,0,0,0,0,0,0,0,0,0,0,0,0,0,0,0,0
G1Fd4cF3hi0,2022-06-30,474.0,2.0,5463.0,0.9864907264709472,Sakshi,Gadapa Gadapaku ,0,0,1,0,0,0,0,0,0,0,0,0,0,0,0,0,0,0,0,0,0,0,0,0,0,0,0,0,0,0,1,0,0,0,0,1,0,0,0,0,0,0,0,0,0,0,0
vAYBTB5NBb0,2023-01-26,169.0,0.0,1396.0,0.9969807267189026,TV9,Gadapa Gadapaku ,0,0,0,0,0,0,0,0,0,0,0,0,0,0,0,0,0,0,0,0,0,0,0,0,0,0,0,0,0,0,0,0,0,0,0,0,0,0,0,0,0,0,0,0,0,0,0
gaGtzE34u24,2023-03-18,269.0,4.0,3412.0,0.9984285235404968,TV9,Gadapa Gadapaku ,0,0,0,0,0,0,0,0,0,0,0,0,0,0,0,0,0,0,0,0,0,0,0,0,0,0,0,0,0,0,0,0,0,0,0,0,0,0,0,0,0,0,0,0,0,0,0
WrppneniSvE,2022-12-16,200.0,5.0,11937.0,0.9849073886871338,Sakshi,Gadapa Gadapaku ,0,0,0,0,0,0,0,0,0,0,0,0,0,0,0,0,0,0,0,0,0,0,0,0,0,0,0,0,0,0,0,0,0,0,0,0,0,0,0,0,0,0,0,0,0,0,0
fg4VS0qjN1g,2022-08-17,366.0,8.0,3166.0,-0.9660922288894652,Sakshi,Gadapa Gadapaku ,0,1,1,0,0,1,1,0,0,0,0,0,1,0,0,0,0,0,0,0,1,0,1,0,0,0,0,0,0,0,0,0,0,0,0,1,0,0,0,0,0,0,0,0,0,0,0
c9Dz8ttMtDM,2022-11-30,170.0,0.0,1638.0,0.9535111784934998,Sakshi,Gadapa Gadapaku ,0,0,0,0,0,0,0,0,0,0,0,0,0,0,0,0,0,0,0,0,0,0,0,0,0,0,0,0,0,0,0,0,0,0,0,0,1,0,0,0,0,0,0,0,0,0,0
HMWT0QBXhng,2022-12-02,61.0,3.0,1018.0,0.9979775547981262,Sakshi,Gadapa Gadapaku ,0,0,0,0,0,1,0,0,0,0,0,0,0,0,0,0,0,0,0,0,0,0,0,0,0,0,0,0,0,0,0,0,0,0,0,0,0,0,0,0,0,0,0,0,0,0,0
XqPS0t2yMu8,2023-04-03,63.0,33.0,17776.0,0.9930003881454468,Sakshi,Gadapa Gadapaku ,0,0,0,0,0,0,0,0,0,0,0,0,0,0,0,0,0,0,0,0,0,0,0,0,0,0,0,0,0,0,0,0,0,0,0,0,0,0,0,0,0,0,0,0,0,1,0
0FyUNTUg2w8,2023-01-20,32.0,0.0,9791.0,-0.9923231601715088,TV9,Gadapa Gadapaku ,0,0,0,0,0,0,0,0,0,0,0,0,0,0,0,0,0,0,0,0,0,0,0,0,0,0,0,0,0,0,0,0,0,0,0,0,0,0,0,0,0,0,0,0,0,0,0
s6q586TDqkE,2022-10-11,129.0,88.0,218738.0,0.9927945733070374,Sakshi,Gadapa Gadapaku ,0,0,0,0,0,0,0,0,0,0,0,0,0,0,0,0,0,0,0,0,0,0,0,0,0,0,0,0,0,0,0,0,0,0,0,0,0,0,0,0,0,0,0,0,0,0,0
O1ozaMq3dDU,2023-01-10,285.0,6.0,5789.0,-0.9989053010940552,Sakshi,Gadapa Gadapaku ,0,0,0,0,0,0,0,0,0,0,0,0,0,1,0,0,0,0,0,0,0,0,0,1,0,0,0,0,0,0,1,0,0,0,0,0,0,0,0,0,0,0,0,0,0,0,0
2HW2Y4IHaLg,2023-04-03,243.0,0.0,3451.0,-0.9366016387939452,TV9,Gadapa Gadapaku ,0,0,0,0,0,0,0,0,0,0,0,0,0,0,0,0,0,0,0,0,0,0,0,0,0,0,0,0,0,0,0,0,0,0,0,0,0,0,0,0,0,0,0,0,0,0,0
QEkGRV_EScE,2022-11-21,254.0,0.0,2432.0,0.9861149787902832,TV5,Gadapa Gadapaku ,0,0,0,0,0,0,0,0,0,0,0,0,0,0,0,0,0,0,0,0,0,0,0,0,0,0,0,0,0,0,0,0,0,0,0,0,0,0,0,0,0,0,0,0,0,0,0
LvgbLHYyplU,2022-11-27,239.0,0.0,9679.0,-0.9979547262191772,TV9,Gadapa Gadapaku ,0,0,0,0,0,0,0,0,0,0,0,0,0,0,0,0,0,0,0,0,0,0,0,0,0,0,0,0,0,0,0,0,0,0,0,0,0,0,0,0,0,0,0,0,0,0,0
K3IyDAytJmA,2023-04-05,306.0,2.0,1976.0,-0.9977060556411744,ABN,Gadapa Gadapaku ,0,0,0,0,0,0,0,0,0,0,0,0,0,0,0,0,0,0,0,0,0,0,0,0,0,0,0,0,0,0,0,0,0,0,0,0,0,0,0,0,0,0,0,0,0,0,0
qFwl_diYgEQ,2022-12-13,175.0,6.0,6038.0,-0.9993552565574646,TV5,Gadapa Gadapaku ,0,0,0,0,0,0,0,0,0,0,0,0,0,0,0,0,0,0,0,0,0,0,0,0,0,0,0,0,0,0,0,0,0,0,0,0,0,0,0,0,0,0,0,0,0,0,0
m0vEEINIuSA,2022-11-04,266.0,34.0,9927.0,0.995902955532074,Sakshi,Gadapa Gadapaku ,0,0,0,0,0,0,0,0,0,0,0,0,0,0,0,0,0,0,0,0,0,0,0,0,0,0,0,0,0,0,0,0,0,0,0,0,0,0,0,0,0,0,0,0,0,0,0
CJ77aU3a-Qw,2023-01-01,234.0,0.0,778.0,0.9980886578559875,TV5,Gadapa Gadapaku ,0,0,0,0,0,0,0,0,0,0,0,0,0,0,0,0,0,0,0,1,0,0,0,0,0,0,0,0,0,0,0,0,0,0,0,0,0,0,0,0,0,0,0,0,0,0,0
7KmG8farb-g,2022-07-19,333.0,8.0,2974.0,0.996162176132202,Sakshi,Gadapa Gadapaku ,0,0,0,0,0,0,0,0,0,0,0,0,0,0,0,0,0,0,0,0,0,0,0,0,0,0,0,0,0,0,0,0,0,0,0,0,0,0,0,0,0,0,0,0,0,0,0
HRNbSXRFCik,2023-03-12,328.0,7.0,2941.0,0.9692771434783936,Sakshi,Gadapa Gadapaku ,0,0,0,0,0,0,0,0,0,0,0,0,0,0,0,0,0,0,0,0,0,0,0,0,0,0,0,0,0,0,0,0,0,0,0,0,0,0,0,0,0,0,0,0,0,0,0
6z_rGZ3orXg,2022-07-26,256.0,1.0,2728.0,0.9893547296524048,Sakshi,Gadapa Gadapaku ,0,0,0,0,0,0,0,0,1,0,0,0,0,0,0,0,0,0,0,0,0,0,0,0,0,0,0,0,0,0,0,0,0,0,0,0,0,0,0,0,0,0,0,0,0,0,0
CKm2mO0lKYA,2022-11-08,164.0,12.0,4250.0,-0.9919454455375672,Sakshi,Gadapa Gadapaku ,0,0,0,0,0,0,0,0,0,0,0,0,0,0,0,0,0,0,0,0,0,0,0,0,0,0,0,0,0,0,1,0,0,0,0,0,0,0,0,0,0,0,0,0,0,0,0
zRcZSYBqDAo,2022-12-13,247.0,6.0,8269.0,0.9873099327087402,Sakshi,Gadapa Gadapaku ,0,0,0,0,0,0,0,0,0,0,0,0,0,0,0,0,0,0,0,0,0,0,0,0,0,0,0,0,0,0,0,0,0,0,0,0,0,0,0,0,0,0,0,0,0,0,0
2DjqOtdFqRM,2022-12-09,151.0,12.0,2724.0,0.9959359169006348,Sakshi,Gadapa Gadapaku ,0,0,0,0,0,0,0,0,0,1,0,0,0,0,1,0,0,0,0,0,0,0,0,0,0,0,0,0,0,0,0,0,0,0,0,0,0,0,0,0,0,0,0,0,0,0,0
nkVbev6zyvA,2022-11-02,76.0,0.0,1603.0,-0.9973904490470886,ABN,Gadapa Gadapaku ,0,0,0,0,0,0,0,0,0,0,0,0,0,0,0,0,0,0,0,0,0,0,0,0,0,0,0,0,0,0,0,0,0,0,0,0,0,0,0,0,0,0,0,0,0,0,0
VsqYMx3DlfQ,2022-10-23,135.0,6.0,2155.0,-0.9993337988853456,Sakshi,Gadapa Gadapaku ,0,0,0,0,0,0,0,0,0,0,0,0,0,0,0,0,0,1,0,0,1,0,0,0,1,0,0,0,0,0,0,0,0,0,0,0,0,0,0,0,0,0,0,0,0,0,0
GrISD4yY4-0,2022-07-28,145.0,0.0,3588.0,0.985537588596344,Sakshi,Gadapa Gadapaku ,0,0,0,0,0,0,0,0,0,0,0,0,0,0,0,0,0,0,0,0,0,0,0,0,0,0,0,0,0,0,0,0,0,0,0,0,0,0,0,0,0,0,0,0,0,0,0
8fnh94RiOiE,2023-01-05,363.0,12.0,11310.0,-0.9991033673286438,ABN,Gadapa Gadapaku ,0,0,0,0,0,0,0,0,0,0,0,0,0,0,0,0,0,0,0,0,0,0,0,0,0,0,0,0,0,0,0,0,0,0,0,0,0,0,0,0,0,0,0,0,0,0,0
bHoPWzswtEE,2022-07-26,183.0,5.0,13212.0,0.993047058582306,Sakshi,Gadapa Gadapaku ,1,0,0,0,1,0,0,0,0,0,0,0,0,0,0,0,0,0,0,0,0,0,0,0,0,0,0,0,0,0,0,0,0,0,0,0,0,0,0,0,0,0,0,0,0,0,0
zfDdDnoE5u0,2022-07-21,589.0,2.0,1274.0,-0.993239164352417,Sakshi,Gadapa Gadapaku ,0,0,1,0,1,0,0,0,0,0,0,0,0,0,0,0,0,1,0,0,0,1,0,0,0,0,0,1,0,0,1,1,0,0,0,0,0,0,0,0,0,0,0,0,0,0,1
UaGJ5mXqIBY,2022-12-13,249.0,11.0,2908.0,0.99671471118927,Sakshi,Gadapa Gadapaku ,0,0,0,0,0,0,0,0,0,0,0,0,0,0,1,0,1,0,0,0,0,0,0,0,0,1,0,1,1,0,1,0,0,0,0,0,0,0,1,0,0,0,0,1,0,1,0
T9Dy_JRldo8,2022-08-29,206.0,13.0,10577.0,0.9905241131782532,Sakshi,Gadapa Gadapaku ,0,0,0,0,0,0,0,0,0,0,0,0,0,0,0,0,0,0,1,0,0,0,0,0,0,0,0,0,0,0,0,0,0,0,0,0,0,0,0,0,0,0,0,0,0,0,0
nGNAqKstnr8,2022-11-09,205.0,131.0,83232.0,0.9909499287605286,Sakshi,Gadapa Gadapaku ,0,0,0,0,0,0,0,0,0,0,0,0,0,0,0,0,0,0,0,0,0,0,0,0,0,0,0,0,0,0,0,0,0,0,0,0,0,0,0,0,0,0,0,0,0,0,0
Yq4ZlSOSaqA,2022-10-12,101.0,3.0,2203.0,-0.9990768432617188,ABN,Gadapa Gadapaku ,0,0,0,0,0,0,0,0,0,0,0,0,0,0,0,0,0,0,0,0,0,0,0,0,0,0,0,0,0,0,0,0,0,0,0,0,0,0,0,0,0,0,0,0,0,0,0
f4GyNOYoW6Q,2023-04-21,65.0,8.0,2902.0,0.9977694749832152,Sakshi,Gadapa Gadapaku ,0,0,0,0,0,0,0,0,0,0,0,0,0,0,0,0,0,0,0,0,0,0,0,0,0,0,0,0,0,0,0,0,0,0,0,0,0,0,0,0,0,0,0,0,0,0,0
-n45JBigVUA,2022-12-28,117.0,5.0,5633.0,-0.9963110089302064,Sakshi,Gadapa Gadapaku ,0,0,0,0,0,0,0,0,0,0,0,0,0,0,0,0,0,0,0,0,0,0,0,0,0,0,0,0,0,0,0,0,0,0,0,0,0,0,0,0,1,0,0,0,0,0,0
6WphTNdVQx8,2023-01-11,79.0,1.0,3742.0,-0.9935539960861206,Sakshi,Gadapa Gadapaku ,0,0,0,0,0,0,0,0,0,0,0,0,0,0,0,0,0,0,0,0,0,0,0,0,0,0,0,0,0,0,0,0,0,0,0,0,0,0,0,0,0,0,0,0,0,0,0
AlcpP98D-6g,2023-02-11,130.0,0.0,1053.0,-0.9978641867637634,Sakshi,Gadapa Gadapaku ,0,0,0,0,0,0,0,0,0,0,0,0,0,0,0,0,0,0,0,0,0,0,0,0,0,0,0,0,0,0,0,0,0,0,0,0,0,0,0,0,0,0,0,0,0,0,0
XirQiZeivZA,2023-03-29,95.0,0.0,844.0,-0.8133947849273682,TV5,Gadapa Gadapaku ,0,0,0,0,0,0,0,0,0,0,0,0,0,0,0,0,0,0,0,0,0,0,0,0,0,0,0,0,0,0,0,0,0,0,0,0,0,0,0,0,0,0,0,0,0,0,0
0xbzKyHxXKw,2022-06-24,1536.0,6.0,5089.0,0.9909816384315492,Sakshi,Gadapa Gadapaku ,0,0,0,0,0,0,0,0,0,0,0,0,0,0,0,0,0,0,0,0,0,0,0,0,0,0,0,0,0,0,0,0,0,0,0,0,0,0,0,0,0,0,0,0,0,0,0
wbGCw5WvGKg,2023-04-04,223.0,2.0,1202.0,-0.9976231455802916,ABN,Gadapa Gadapaku ,0,0,0,0,0,0,0,0,0,0,0,0,0,0,0,0,0,0,0,0,0,0,0,0,0,0,0,0,0,0,0,0,0,0,0,0,0,0,0,0,0,0,0,0,0,0,0
klU6V0Bero0,2022-12-14,258.0,3.0,1104.0,0.9950413107872008,Sakshi,Gadapa Gadapaku ,0,0,0,0,0,0,0,0,1,0,0,0,0,0,0,0,0,0,0,0,0,0,0,0,0,0,0,0,0,0,0,0,0,0,0,0,0,0,0,0,0,0,0,0,0,0,0
bmyNHEjeXKI,2022-11-28,95.0,6.0,5872.0,-0.9990478157997132,TV5,Gadapa Gadapaku ,0,0,0,0,0,0,0,0,0,0,0,0,0,0,0,0,0,0,0,0,0,0,0,0,0,0,0,0,0,0,0,0,0,0,0,0,0,0,0,0,0,0,0,0,0,0,0
antaRkmB65o,2023-01-11,127.0,308.0,595117.0,-0.9973011612892152,Sakshi,Gadapa Gadapaku ,0,0,0,0,0,0,0,0,0,0,0,0,0,0,0,0,0,0,0,0,0,0,0,0,0,0,0,0,0,0,0,0,0,0,0,0,0,0,0,0,0,0,0,0,0,0,0
KQQeFgZma94,2023-02-03,165.0,3.0,3844.0,-0.9990649819374084,ABN,Gadapa Gadapaku ,0,0,0,0,0,0,0,0,0,0,0,0,0,0,0,0,0,0,0,0,0,0,0,0,0,0,0,0,0,0,0,0,0,0,0,0,0,0,0,0,0,0,0,0,0,0,0
dDCMqNMZ_xg,2023-04-05,174.0,8.0,3771.0,0.9976874589920044,TV5,Gadapa Gadapaku ,0,0,0,0,0,0,0,0,0,0,0,0,0,0,0,0,0,0,0,0,0,0,0,0,0,0,0,0,0,0,0,0,0,0,0,0,0,0,0,0,0,0,0,0,0,0,0
FkEl-6qb3_c,2023-01-22,218.0,2.0,29065.0,0.9965745210647584,TV9,Gadapa Gadapaku ,0,0,0,0,0,0,0,0,0,0,0,0,0,0,0,0,0,0,0,0,0,0,0,0,0,0,0,0,0,0,0,0,0,0,0,0,0,0,0,0,0,0,0,0,0,0,0
gSGl7x88pIU,2023-03-20,213.0,6.0,11193.0,-0.9983579516410828,ABN,Gadapa Gadapaku ,0,0,0,0,0,0,0,0,0,0,0,0,0,0,0,0,0,0,0,0,0,0,0,0,0,0,0,0,0,0,0,0,0,0,0,0,0,0,0,0,0,0,0,0,0,0,0
dABtdGKAYRQ,2022-07-21,538.0,6.0,3816.0,0.9945202469825744,Sakshi,Gadapa Gadapaku ,1,0,1,0,0,1,0,1,0,0,0,0,1,1,0,0,1,0,0,1,0,1,0,0,0,0,0,0,0,1,0,0,0,0,0,1,0,0,0,0,0,0,0,0,0,0,1
OQWIsCZbIQ4,2022-12-16,502.0,15.0,17076.0,0.9954754710197448,Sakshi,Gadapa Gadapaku ,0,0,0,0,0,0,0,0,0,0,0,1,1,0,0,0,0,1,0,0,0,0,0,0,0,0,0,0,0,0,0,0,0,0,0,0,0,0,0,0,0,0,0,0,0,0,0
PrqqBao5bvY,2023-02-04,68.0,6.0,4837.0,0.994698166847229,TV5,Gadapa Gadapaku ,0,0,0,0,0,0,0,0,0,0,0,0,0,0,0,0,0,0,0,0,0,0,0,0,0,0,0,0,0,0,0,0,0,0,0,0,0,0,0,0,0,0,0,0,0,0,0
yFUYB2vIQ-I,2022-11-11,140.0,9.0,6525.0,-0.9951474070549012,TV5,Gadapa Gadapaku ,0,0,0,0,0,0,0,0,0,0,0,0,0,0,0,0,0,0,0,0,0,0,0,0,0,0,0,0,0,0,0,0,0,0,0,0,0,0,0,0,0,0,0,0,0,0,0
e36e7igrSDE,2022-11-01,188.0,0.0,2227.0,-0.9867141842842102,ABN,Gadapa Gadapaku ,0,0,0,0,0,0,0,0,0,0,0,0,0,0,0,0,0,0,0,0,0,0,0,0,0,0,0,0,0,0,0,0,0,0,0,0,0,0,0,0,0,0,0,0,0,0,0
giqfWtrP0OA,2022-07-28,213.0,25.0,13089.0,0.9842846393585204,Sakshi,Gadapa Gadapaku ,0,0,0,0,0,0,0,0,0,0,0,0,1,0,1,0,0,0,0,0,0,0,0,0,0,0,1,1,0,0,0,0,0,0,0,0,0,0,1,0,0,0,0,1,0,0,0
MgCNxkBTxDA,2022-11-18,97.0,4.0,1412.0,-0.9928814172744752,Sakshi,Gadapa Gadapaku ,0,0,0,0,0,0,0,0,0,0,0,0,0,0,0,0,0,0,0,0,0,0,0,0,1,0,0,0,0,0,0,0,0,0,0,0,0,0,0,0,0,0,0,0,0,0,0
1uvXSV2q7QQ,2022-11-23,83.0,5.0,803.0,0.9971320629119872,Sakshi,Gadapa Gadapaku ,0,0,0,0,0,0,0,0,0,0,0,0,0,0,0,0,0,0,0,0,0,0,0,0,0,0,0,0,0,0,0,0,0,0,0,0,0,0,0,0,0,0,0,0,0,0,0
5CPmD2QRwqk,2022-11-16,190.0,22.0,4471.0,-0.9968200922012328,Sakshi,Gadapa Gadapaku ,0,0,0,0,0,0,1,0,0,0,0,1,0,0,0,0,1,0,0,0,0,0,0,0,0,0,0,0,1,0,0,1,0,0,0,0,0,0,0,0,0,0,0,1,0,0,0
oW2Wu6_HhMc,2023-04-14,130.0,0.0,874.0,-0.9978324770927428,ABN,Gadapa Gadapaku ,0,0,0,0,0,0,0,0,0,0,0,0,0,0,0,0,0,0,0,0,0,0,0,0,0,0,0,0,0,0,0,0,0,0,0,0,0,0,0,0,0,0,0,0,0,0,0
OoJFeSzPj20,2023-01-07,126.0,5.0,953.0,-0.9979653358459472,Sakshi,Gadapa Gadapaku ,0,0,1,0,0,0,0,0,0,1,0,0,0,0,0,0,0,0,0,0,0,0,0,0,0,0,1,0,0,1,0,0,0,1,0,0,0,0,0,0,0,0,0,0,0,0,1
JAYCUCgf7tI,2022-10-07,325.0,8.0,20937.0,-0.998739778995514,TV5,Gadapa Gadapaku ,0,0,0,0,0,0,0,0,0,0,0,0,0,0,0,0,0,0,0,0,0,0,0,0,0,0,0,0,0,0,0,0,0,0,0,0,0,0,0,0,0,0,0,0,0,0,0
GGZirp_mJMc,2022-08-29,318.0,868.0,1236285.0,0.9835714101791382,Sakshi,Gadapa Gadapaku ,0,0,0,0,0,0,0,0,0,0,0,0,0,0,0,0,0,0,1,0,0,0,0,0,0,0,0,0,0,0,0,0,0,0,0,0,0,0,0,0,0,0,0,0,0,0,0
_d8628RnxD8,2023-02-23,236.0,0.0,1941.0,-0.999082088470459,TV9,Gadapa Gadapaku ,0,0,0,0,0,0,0,0,0,0,0,0,0,0,0,0,0,0,0,0,0,0,0,0,0,0,0,0,0,0,0,0,0,0,0,0,0,0,0,0,0,0,0,0,0,0,0
6ZvzYkCXwic,2023-04-11,92.0,2.0,1316.0,-0.9894725680351256,TV5,Gadapa Gadapaku ,0,0,0,0,0,0,0,0,0,0,0,0,0,0,0,0,0,0,0,0,0,0,0,0,0,0,0,0,0,0,0,0,0,0,0,0,0,0,0,1,0,0,0,0,0,0,0
WGJR6kqs6R0,2023-03-09,297.0,7.0,1749.0,-0.9984232187271118,TV9,Gadapa Gadapaku ,0,0,0,0,0,0,0,0,0,0,0,0,0,0,0,0,0,0,0,0,0,0,0,0,0,0,0,0,0,0,0,0,0,0,0,0,0,0,0,0,0,0,0,0,0,0,0
9vjH9yMvstY,2022-04-19,197.0,87.0,134474.0,-0.9844330549240112,Sakshi,Gadapa Gadapaku ,0,0,0,0,0,0,0,0,0,0,0,0,0,0,0,0,0,0,0,0,0,0,0,0,0,0,0,0,1,0,0,0,0,0,0,0,0,0,0,0,0,0,0,0,0,0,0
X3yyPWmXylw,2022-08-29,329.0,10.0,8128.0,0.5892056226730347,Sakshi,Gadapa Gadapaku ,0,0,0,0,0,0,0,0,0,0,0,0,0,0,0,0,0,0,1,0,0,0,0,0,0,0,0,0,0,0,0,0,0,0,0,0,0,0,0,0,0,0,0,0,0,0,0
Ofu_OCPPINA,2023-03-19,233.0,35.0,71598.0,0.9987325072288512,TV5,Gadapa Gadapaku ,0,0,0,0,0,0,0,0,0,0,0,0,0,0,0,0,0,0,0,0,0,0,0,0,0,0,0,0,0,0,1,0,0,0,0,0,0,0,0,0,0,0,0,0,0,0,0
VvB1pKL9XiE,2022-09-08,139.0,5.0,7032.0,0.9983481168746948,Sakshi,Gadapa Gadapaku ,0,1,0,0,0,0,0,0,0,0,0,0,0,0,1,0,0,1,0,0,1,0,0,0,0,0,0,1,0,0,0,1,1,0,0,0,1,0,0,0,0,0,0,1,0,0,0
DJuSoPnws-s,2022-10-12,157.0,0.0,1060.0,-0.9985275268554688,ABN,Gadapa Gadapaku ,0,0,0,0,0,0,0,0,0,0,0,0,0,0,0,0,0,0,0,0,0,0,0,0,0,0,0,0,0,0,0,0,0,0,0,0,0,0,0,0,0,0,0,0,0,0,0
IenGffj4P_w,2022-06-20,1837.0,4.0,6021.0,-0.990694224834442,Sakshi,Gadapa Gadapaku ,0,0,0,0,0,0,0,0,0,0,0,0,0,0,0,0,0,0,0,0,0,0,0,0,0,0,0,0,0,0,0,0,0,0,0,0,0,0,0,0,0,0,0,0,0,0,0
TQ8NPHE7S7E,2023-02-23,175.0,9.0,24791.0,0.9895596504211426,TV5,Gadapa Gadapaku ,0,0,0,0,0,0,0,0,0,0,0,0,0,0,0,0,0,0,0,0,0,0,0,0,0,0,0,0,0,0,0,0,0,0,0,0,0,0,0,0,0,0,0,0,0,0,0
3jbAGu2iyCA,2023-02-10,245.0,2.0,3519.0,0.988021731376648,Sakshi,Gadapa Gadapaku ,0,0,0,0,0,0,0,0,0,0,0,0,0,0,1,0,0,0,0,0,1,0,0,0,0,0,0,0,0,0,0,0,0,0,0,0,0,0,0,0,0,0,0,0,0,0,0
zTPKLNkWuvk,2022-12-06,169.0,11.0,1268.0,0.9943739175796508,Sakshi,Gadapa Gadapaku ,0,0,0,0,0,0,0,0,0,0,0,0,0,0,0,0,0,0,0,0,0,0,0,0,0,0,0,0,1,0,0,0,0,0,0,0,0,0,0,0,0,0,0,0,0,0,0
1KIghbWpsQk,2022-07-14,357.0,2.0,2638.0,-0.9985164999961852,Sakshi,Gadapa Gadapaku ,0,0,0,0,0,0,0,0,0,0,0,0,1,0,0,0,1,0,0,0,0,0,0,0,0,1,0,0,0,0,0,0,1,0,0,0,0,0,0,0,0,1,0,0,0,0,0
8aPdeIQKppc,2023-03-31,277.0,0.0,677.0,-0.8419522047042847,TV9,Gadapa Gadapaku ,0,0,0,0,0,0,0,0,0,0,0,0,0,0,0,0,0,0,0,0,0,0,0,0,0,0,0,0,0,0,0,0,0,0,0,0,0,0,0,0,0,0,0,0,0,0,0
JbzIsVfTRxw,2023-03-13,144.0,2.0,1778.0,0.9983243346214294,TV9,Gadapa Gadapaku ,0,0,0,0,0,0,0,0,0,0,0,0,0,0,0,0,0,0,0,0,0,0,0,0,0,0,0,0,0,0,0,0,0,0,0,0,0,0,0,0,0,0,0,0,0,0,0
J6ukU_W5_a0,2022-05-11,186.0,60.0,19467.0,0.9932107329368592,Sakshi,Gadapa Gadapaku ,0,0,0,0,0,0,0,1,0,0,0,0,0,0,0,0,0,0,0,1,0,0,0,0,0,0,0,0,0,1,0,0,0,0,1,0,0,0,0,0,0,0,0,0,0,0,0
JwsPs7BzdkE,2023-02-17,114.0,0.0,4027.0,-0.9976289868354796,TV5,Gadapa Gadapaku ,0,0,0,0,0,0,0,0,0,0,0,0,0,0,0,0,0,0,0,0,0,0,0,0,0,0,0,0,0,0,0,0,0,0,0,0,0,0,0,0,0,0,0,0,0,0,0
U8ldfBc8jDM,2022-11-27,261.0,1.0,1735.0,-0.9992228746414183,ABN,Gadapa Gadapaku ,0,0,0,0,0,0,0,0,0,0,0,0,0,0,0,0,0,0,0,0,0,0,0,0,0,0,0,0,0,0,0,0,0,0,0,0,0,0,0,0,0,0,0,0,0,0,0
aE87ZC5fPss,2022-06-30,467.0,2.0,1081.0,-0.997923731803894,Sakshi,Gadapa Gadapaku ,1,0,0,0,0,0,1,0,0,0,0,0,0,0,0,0,0,1,0,0,0,0,0,0,0,0,0,0,0,0,0,0,0,0,0,0,1,0,0,0,0,0,0,1,0,0,0
PDE0gmnm_GY,2022-11-25,132.0,2.0,3439.0,-0.998996913433075,Sakshi,Gadapa Gadapaku ,0,0,0,0,0,0,0,0,0,0,0,0,0,0,0,0,0,0,0,0,0,0,0,0,0,0,0,0,0,0,0,0,0,0,0,0,0,0,0,0,0,0,0,0,0,0,0
UsMLUc7bMEc,2022-06-26,1194.0,4.0,2365.0,0.9871100187301636,Sakshi,Gadapa Gadapaku ,0,0,0,0,0,0,0,0,0,0,0,0,0,0,0,0,0,0,0,0,0,0,0,0,0,0,0,0,0,0,0,0,0,0,0,0,0,0,0,0,0,0,0,0,0,0,0
fxKhg2g0-iI,2023-01-07,135.0,2.0,2756.0,0.9971753358840942,Sakshi,Gadapa Gadapaku ,0,0,0,0,0,0,0,0,0,0,0,0,1,0,1,0,0,0,0,0,0,0,0,0,0,0,0,0,1,0,0,0,0,0,0,0,0,0,1,0,0,0,0,0,0,0,0
iV0lHggW1g0,2022-08-27,9750.0,3.0,36111.0,-0.9966793060302734,TV5,Gadapa Gadapaku ,0,0,0,0,0,0,0,0,0,0,0,0,0,0,0,0,0,0,0,0,0,0,0,0,0,0,0,0,0,0,0,0,0,0,0,0,0,0,0,0,0,0,0,0,0,0,0
eZLCCCKnIJU,2022-07-27,204.0,244.0,210378.0,-0.9967251420021056,Sakshi,Gadapa Gadapaku ,0,0,0,1,0,0,0,0,0,1,0,0,0,0,0,0,0,1,0,0,0,0,0,0,0,0,1,0,0,0,0,0,0,0,0,0,0,0,0,0,0,0,0,1,0,0,1
jqweEHiLf74,2022-09-07,9340.0,2.0,14366.0,0.9833806753158568,TV5,Gadapa Gadapaku ,0,0,0,0,0,0,0,0,0,0,0,0,0,0,0,0,0,0,0,0,0,0,0,0,0,0,0,0,0,0,0,0,0,0,0,0,0,0,0,0,0,0,0,0,0,0,0
5Ywn8rvtOgo,2022-11-30,55.0,1.0,1130.0,-0.9989713430404664,ABN,Gadapa Gadapaku ,0,0,0,0,0,0,0,0,0,0,0,0,0,0,0,0,0,0,0,0,0,0,0,0,0,0,0,0,0,0,0,0,0,0,0,0,0,0,0,0,0,0,0,0,0,0,0
uPSZMAIgYzw,2022-12-28,250.0,0.0,1538.0,0.9935330152511596,Sakshi,Gadapa Gadapaku ,0,0,0,0,0,0,0,0,0,0,1,0,0,0,0,0,0,0,0,0,0,0,0,0,1,0,0,0,0,0,0,0,0,1,0,0,0,0,0,0,0,0,0,0,0,0,0
fbukBCqJsxg,2022-12-02,71.0,0.0,484.0,-0.9877983927726746,TV9,Gadapa Gadapaku ,0,0,0,0,0,0,0,0,0,0,0,0,0,0,0,0,0,0,0,0,0,0,0,0,0,0,0,0,0,0,0,0,0,0,0,0,0,0,0,0,0,0,0,0,0,0,0
XiJ7Gdcw0wI,2023-04-03,203.0,5.0,7882.0,0.9894312620162964,Sakshi,Gadapa Gadapaku ,0,0,0,0,0,0,0,0,0,0,0,0,0,0,0,0,0,0,0,0,0,0,0,0,0,0,0,0,0,0,0,0,0,0,0,0,0,0,0,0,0,0,0,0,0,0,0
aDWK0IyjgEE,2023-02-12,69.0,2.0,504.0,-0.9994924068450928,TV9,Gadapa Gadapaku ,0,0,0,0,0,0,0,0,0,0,0,0,0,0,0,0,0,0,0,0,0,0,0,0,0,0,0,0,0,0,0,0,0,0,0,0,0,0,0,0,0,0,0,0,0,0,0
ykqFExwpOzs,2023-01-24,210.0,151.0,132864.0,-0.9940640330314636,TV5,Gadapa Gadapaku ,0,0,0,0,0,0,0,0,0,0,0,0,0,0,0,0,0,0,0,0,0,0,0,0,0,0,0,0,0,0,0,0,0,0,0,0,0,0,0,0,0,0,0,0,0,0,0
KJt5IVvnHYg,2022-09-29,205.0,21.0,9432.0,-0.9988096952438354,TV5,Gadapa Gadapaku ,0,0,0,0,0,0,0,0,0,0,0,0,0,0,0,0,0,0,0,0,0,0,0,0,0,0,0,0,0,0,0,0,0,0,0,0,0,0,0,0,0,0,0,0,0,0,0
motHb4n8ix4,2022-11-08,64.0,4.0,1519.0,0.9936023354530334,Sakshi,Gadapa Gadapaku ,0,0,0,0,0,0,0,0,0,0,0,0,0,0,0,0,0,0,0,0,0,0,0,0,0,0,0,0,0,0,0,0,0,0,0,0,0,0,0,0,0,0,0,0,0,0,0
6URjpNCQpj8,2023-02-11,270.0,4.0,1854.0,0.9951100945472716,Sakshi,Gadapa Gadapaku ,0,1,0,0,0,0,0,0,0,0,0,0,0,0,0,0,0,0,0,0,0,0,0,0,0,0,0,0,0,0,0,0,0,0,0,0,0,0,0,0,0,0,0,0,0,0,0
Vnx2jtc905Q,2022-10-14,169.0,2.0,941.0,0.9980241060256958,Sakshi,Gadapa Gadapaku ,0,0,0,0,0,0,0,0,0,0,0,0,1,0,0,0,0,0,0,0,0,0,0,0,0,0,0,0,0,0,0,0,0,0,0,0,0,0,0,0,0,0,0,0,0,0,0
NdB7-Zg7jP4,2023-02-09,115.0,20.0,3466.0,0.9861814379692078,Sakshi,Gadapa Gadapaku ,0,0,0,0,0,0,0,0,0,0,0,0,0,0,1,0,0,0,0,0,0,0,0,0,0,0,0,0,0,0,0,0,0,0,0,0,0,0,1,0,0,0,0,0,0,0,0
M5vXpkUh26c,2022-11-08,146.0,6.0,2793.0,-0.9986031651496888,Sakshi,Gadapa Gadapaku ,0,0,0,0,0,0,0,0,0,0,0,0,0,0,0,0,0,0,0,0,0,0,0,0,0,0,0,0,0,1,0,0,0,0,0,0,0,0,0,0,0,0,0,1,0,0,0
8JtnArKKp0Y,2023-03-28,81.0,1.0,2727.0,-0.9973493814468384,TV5,Gadapa Gadapaku ,0,0,0,0,0,0,0,0,0,0,0,0,0,0,0,0,0,0,0,0,0,0,0,0,0,0,0,0,0,0,0,0,0,0,0,0,0,0,0,0,0,0,0,0,0,0,0
h0z9v2Z2D9o,2022-12-14,255.0,1.0,726.0,-0.6516096591949463,Sakshi,Gadapa Gadapaku ,0,0,0,0,0,0,0,0,0,0,0,0,0,0,0,0,0,0,0,0,0,0,0,0,0,0,0,0,0,0,1,0,0,0,0,0,0,0,0,0,0,0,1,0,0,1,0
a1Txid4YU4A,2022-11-29,71.0,13.0,4211.0,-0.9899529814720154,Sakshi,Gadapa Gadapaku ,0,0,0,0,0,0,0,0,0,0,0,0,0,0,0,0,0,0,0,0,0,0,0,0,0,0,0,0,0,0,0,0,0,0,0,0,0,0,0,0,0,0,0,0,0,0,0
PvrCmtIacgE,2022-07-14,582.0,4.0,2863.0,0.997904896736145,Sakshi,Gadapa Gadapaku ,1,0,0,0,1,0,0,0,0,0,0,0,0,0,0,0,0,0,0,0,0,0,0,0,0,0,0,0,0,0,0,0,0,0,0,0,0,1,0,0,0,0,0,0,0,0,0
rxjEjJA1JNE,2022-07-21,309.0,3.0,1852.0,0.9888729453086852,Sakshi,Gadapa Gadapaku ,0,0,0,0,0,0,0,0,0,0,0,0,0,0,0,0,0,0,0,0,0,0,0,0,0,0,0,0,0,0,0,0,0,0,0,0,0,0,0,0,0,1,0,0,0,0,0
ki7ccveLJWE,2022-11-08,146.0,1.0,1082.0,-0.989785134792328,Sakshi,Gadapa Gadapaku ,0,0,0,0,0,1,0,0,0,0,0,0,0,0,0,0,0,0,0,0,0,0,0,0,0,0,0,0,0,1,0,0,0,0,0,0,0,0,0,0,0,0,0,1,0,0,0
RPlI1lrQxSw,2023-02-13,315.0,1.0,1661.0,-0.9944420456886292,ABN,Gadapa Gadapaku ,1,0,1,0,1,0,0,1,0,0,1,0,0,0,0,0,0,1,0,0,0,0,0,0,0,0,0,1,0,0,0,0,0,0,0,0,1,0,0,0,0,1,0,1,0,0,0
zq1UzPK4dZI,2022-07-27,184.0,15.0,10450.0,0.99600487947464,Sakshi,Gadapa Gadapaku ,0,0,0,0,0,0,0,0,0,0,0,0,0,0,0,0,0,0,0,0,0,0,0,0,0,0,0,0,0,0,0,0,0,0,0,0,0,0,0,0,0,0,0,0,0,0,0
5C8u93fO7PI,2022-08-10,171.0,5.0,2297.0,-0.996813952922821,Sakshi,Gadapa Gadapaku ,0,0,0,0,0,0,0,0,0,0,0,0,0,0,0,0,0,0,0,0,0,0,0,0,0,0,0,0,0,0,0,0,0,0,0,0,0,0,0,0,0,0,0,0,0,0,0
_W2mbOhM6fo,2022-11-04,286.0,0.0,502.0,-0.9942619800567628,TV5,Gadapa Gadapaku ,0,0,0,0,0,0,0,0,0,0,0,0,0,0,0,0,0,1,0,0,0,0,0,0,0,0,0,0,0,0,0,0,0,0,0,0,0,0,0,0,0,0,0,0,0,0,0
Ek0objwA284,2023-01-24,203.0,22.0,1641.0,-0.9706628322601318,Sakshi,Gadapa Gadapaku ,0,0,0,0,0,0,0,0,0,0,0,1,0,0,0,0,0,0,0,0,0,0,0,0,1,1,0,0,0,0,0,0,0,1,0,0,0,0,0,1,0,0,0,0,1,1,0
ZW_xKOuKBXk,2022-10-08,178.0,17.0,24465.0,-0.998271942138672,TV5,Gadapa Gadapaku ,0,0,0,0,0,0,0,0,0,0,0,0,0,0,0,0,0,0,0,0,0,0,0,0,0,0,0,0,0,0,0,0,0,0,0,0,0,0,0,0,0,0,0,0,0,0,0
TGEXOsIhAhI,2023-02-28,223.0,10.0,15992.0,-0.99825781583786,TV9,Gadapa Gadapaku ,0,0,0,0,0,0,0,0,0,0,0,0,0,0,0,0,0,0,0,0,0,0,0,0,0,0,0,0,0,0,0,0,0,0,0,0,0,0,0,0,0,0,0,0,0,0,0
n2Yynydf1H8,2022-05-17,199.0,18.0,4011.0,0.9975357055664062,Sakshi,Gadapa Gadapaku ,0,0,1,0,0,0,0,0,0,0,0,0,0,1,0,1,0,0,0,0,0,0,0,0,0,0,0,0,0,0,0,1,0,0,0,1,0,0,0,1,1,0,0,0,0,0,0
NLa4jiaWKdo,2023-01-22,55.0,1.0,522.0,-0.9981879591941832,TV9,Gadapa Gadapaku ,0,0,0,0,0,0,0,0,0,0,0,0,0,0,0,0,0,0,0,0,0,0,0,0,0,0,0,0,0,0,0,0,0,0,0,0,0,0,0,0,0,0,0,0,0,0,0
iZCBDPPhMsY,2023-02-14,315.0,12.0,6479.0,0.9956349730491638,TV5,Gadapa Gadapaku ,0,0,0,0,0,0,0,0,0,0,0,0,0,0,0,0,0,0,0,0,0,0,0,0,0,0,0,0,0,0,0,0,0,0,0,0,0,0,0,0,0,0,0,0,0,0,0
T4Wx25O9S3U,2022-07-26,74.0,3.0,2780.0,0.9969502091407776,Sakshi,Gadapa Gadapaku ,0,0,0,0,0,0,0,0,0,0,0,0,0,0,0,0,0,0,0,0,0,0,0,0,0,0,0,0,0,0,0,0,0,0,0,0,0,0,0,0,0,0,0,0,0,0,0
ykoM5arePdw,2022-08-08,117.0,18.0,15182.0,-0.9981874823570251,Sakshi,Gadapa Gadapaku ,0,0,0,0,0,0,0,0,0,0,0,0,0,0,0,1,0,1,0,0,0,0,0,0,0,0,0,0,0,0,0,0,0,0,0,0,0,0,0,0,0,1,0,0,0,0,0
8k2YVGZI4h0,2023-03-05,205.0,25.0,61354.0,-0.9971588850021362,ABN,Gadapa Gadapaku ,0,0,0,0,0,0,0,0,0,0,0,0,0,0,0,0,0,0,0,0,0,0,0,0,0,0,0,0,0,0,0,0,0,0,0,0,0,0,0,0,0,0,0,0,0,0,0
ON3vJ-OWwEc,2022-06-30,522.0,2.0,2182.0,0.9958580136299132,Sakshi,Gadapa Gadapaku ,0,0,0,0,0,0,0,0,0,0,0,0,0,0,0,0,0,0,0,0,0,0,0,0,0,0,0,0,0,0,0,0,1,0,0,0,0,0,0,0,0,0,0,0,0,0,1
FWwf7nmjM0c,2022-09-01,222.0,0.0,2823.0,0.9884710311889648,TV5,Gadapa Gadapaku ,0,0,0,0,0,0,0,0,0,0,0,0,0,0,0,0,0,0,0,0,0,0,0,0,0,0,0,0,0,0,0,0,0,0,0,0,0,0,0,0,0,0,0,0,0,0,0
iq7dMzXELgQ,2023-04-05,208.0,2.0,1775.0,-0.9983747005462646,TV9,Gadapa Gadapaku ,0,0,0,0,0,0,0,0,0,0,0,0,0,0,0,0,0,0,0,0,0,0,0,0,0,0,0,0,0,0,0,0,0,0,0,0,0,0,0,0,0,0,0,0,0,0,0
kyimEZY1UME,2023-04-19,220.0,9.0,5654.0,-0.9928852915763856,TV5,Gadapa Gadapaku ,0,0,1,0,0,0,0,0,0,0,0,1,0,0,0,0,1,0,0,0,0,0,1,0,0,1,0,0,0,0,0,0,0,0,0,0,0,0,0,0,0,0,0,0,0,0,0
kvJSX4CuBpE,2023-03-02,135.0,6.0,3075.0,-0.9994561076164246,TV9,Gadapa Gadapaku ,0,0,0,0,0,0,0,0,0,0,0,0,0,0,0,0,0,0,0,0,0,0,0,0,0,0,0,0,0,0,0,0,0,0,0,0,0,0,0,0,0,0,0,0,0,0,0
b7C0g99uVg0,2022-08-29,17615.0,25.0,76691.0,0.9835553765296936,TV5,Gadapa Gadapaku ,0,0,0,0,0,0,0,0,0,0,0,0,0,0,0,0,0,0,0,0,0,0,0,0,0,0,0,0,0,0,0,0,0,0,0,0,0,0,0,0,0,0,0,0,0,0,0
7QBEmXEllPU,2022-12-13,283.0,4.0,2437.0,-0.9989120960235596,ABN,Gadapa Gadapaku ,0,0,0,0,0,0,0,0,0,0,0,0,0,0,0,0,0,0,0,0,0,0,0,0,0,0,0,0,0,0,0,0,0,0,0,0,0,0,0,0,0,0,0,0,0,0,0
KRiYhnpQH6M,2022-07-26,122.0,0.0,1122.0,0.9958296418190002,Sakshi,Gadapa Gadapaku ,0,0,0,0,0,0,0,0,0,0,0,0,0,0,0,0,0,0,0,0,0,0,0,0,0,0,0,0,0,0,0,0,0,0,0,0,0,0,0,0,0,0,0,0,0,0,0
qH6JAN3NEvE,2023-04-06,224.0,6.0,1803.0,-0.999339520931244,TV5,Gadapa Gadapaku ,0,0,0,0,0,0,0,0,0,0,0,0,0,0,0,0,0,0,0,0,0,0,0,0,0,0,0,0,0,0,0,0,0,0,0,0,0,0,0,0,0,0,0,0,0,0,0
RflfrsBtvAQ,2022-06-02,204.0,14.0,30443.0,0.995949387550354,Sakshi,Gadapa Gadapaku ,0,0,0,0,0,0,0,0,0,0,0,0,0,0,0,0,0,0,0,0,0,0,0,0,0,0,0,0,0,0,0,0,0,0,0,0,0,0,0,0,0,0,0,0,0,0,0
zk6cVsjQO5g,2022-06-27,189.0,63.0,60416.0,-0.9926589131355286,Sakshi,Gadapa Gadapaku ,0,0,0,0,0,0,0,0,0,0,0,0,0,0,0,0,0,0,0,0,0,0,0,0,0,0,0,0,0,0,0,0,0,0,0,0,0,0,0,0,0,0,0,0,0,0,0
8PxlM0qsu6k,2022-09-06,90.0,0.0,1923.0,0.9924272894859314,Sakshi,Gadapa Gadapaku ,0,0,0,0,0,0,0,0,1,0,0,0,0,0,0,0,0,0,0,0,0,0,0,0,0,0,0,0,0,0,0,0,0,0,0,0,0,0,0,0,0,0,0,0,0,0,0
h3_mxdlJ0fs,2023-02-28,220.0,0.0,10351.0,-0.999458372592926,ABN,Gadapa Gadapaku ,0,0,0,0,0,0,0,0,0,0,0,0,0,0,0,0,0,0,0,0,0,0,0,0,0,0,0,0,0,0,0,0,0,0,0,0,0,0,0,0,0,0,0,0,0,0,0
_MSrjEdtxtA,2023-04-21,333.0,13.0,6271.0,-0.9979852437973022,Sakshi,Gadapa Gadapaku ,0,0,0,0,0,0,0,0,0,0,0,0,0,0,1,0,0,0,0,0,0,0,0,0,0,1,0,0,0,0,0,0,0,0,0,0,0,0,0,0,0,0,0,0,1,0,0
BoJg3JwJbJ4,2022-12-28,242.0,1.0,1550.0,-0.9941006302833556,Sakshi,Gadapa Gadapaku ,0,0,1,0,0,0,0,0,0,0,0,0,0,0,0,0,0,0,0,0,0,0,0,0,0,0,0,0,0,0,0,0,0,1,0,1,0,0,0,0,0,0,0,0,0,0,0
m43C-_KsbjA,2022-11-09,95.0,1.0,958.0,0.9959070682525636,Sakshi,Gadapa Gadapaku ,0,0,0,0,0,0,0,0,0,0,0,1,1,0,0,0,0,0,0,0,0,0,0,0,0,0,0,1,1,1,0,0,0,0,0,0,0,0,0,0,0,0,0,1,1,0,0
IkXEHXEtHQE,2022-12-16,285.0,2.0,5115.0,-0.985632061958313,TV5,Gadapa Gadapaku ,0,0,0,0,0,0,0,0,0,0,0,0,0,0,0,0,0,0,0,0,0,0,0,1,0,0,0,0,0,0,0,0,0,0,0,0,0,0,0,0,0,0,0,0,0,0,0
-SAaBmSjxqg,2023-01-10,309.0,5.0,3536.0,-0.9724658131599426,ABN,Gadapa Gadapaku ,0,0,0,0,0,0,0,0,0,0,0,0,0,0,0,0,0,0,0,0,0,0,0,0,0,0,0,0,0,0,0,0,0,0,0,0,0,0,0,0,0,0,0,0,0,0,0
YpXsMYRBqi0,2022-11-18,228.0,3.0,33617.0,-0.9658622145652772,TV9,Gadapa Gadapaku ,0,0,0,0,0,0,0,0,0,0,0,0,0,0,0,0,0,0,0,0,0,0,0,0,0,0,0,0,0,0,0,0,0,0,0,0,0,0,0,0,0,0,0,0,0,0,0
IuyvHfz9zgU,2022-11-18,106.0,4.0,2048.0,0.9953161478042604,Sakshi,Gadapa Gadapaku ,0,0,0,0,0,0,0,0,0,0,0,0,0,0,0,0,0,0,0,0,0,0,0,0,0,0,0,0,0,0,0,0,0,0,0,0,0,0,0,0,0,0,0,0,0,0,0
dOANmjy-Lgk,2023-02-10,126.0,0.0,1582.0,-0.9761266708374025,ABN,Gadapa Gadapaku ,0,0,0,0,0,0,0,0,0,0,0,0,0,0,0,0,0,0,0,0,0,0,0,0,0,0,0,0,0,0,0,0,0,0,0,0,0,0,0,0,0,0,0,0,0,0,0
4FJXA1a_lNE,2023-03-06,115.0,2.0,4262.0,-0.9969455599784852,Sakshi,Gadapa Gadapaku ,0,0,0,0,0,0,0,0,0,0,0,0,0,0,1,0,1,0,0,0,0,0,0,0,0,0,0,1,0,0,0,0,0,0,0,0,0,0,1,0,0,0,0,0,0,0,0
lAAEJieOMyk,2023-04-17,343.0,6.0,10791.0,-0.9980514049530028,ABN,Gadapa Gadapaku ,0,0,0,0,0,0,0,0,0,0,0,0,0,0,0,0,0,0,0,0,0,0,0,0,0,0,0,0,0,0,0,0,0,0,0,0,0,0,0,0,0,0,0,0,0,0,0
A6d50fbuX0s,2022-07-14,241.0,2.0,1792.0,0.9935247898101808,Sakshi,Gadapa Gadapaku ,0,0,0,0,0,0,0,0,0,0,0,0,0,0,0,0,0,0,0,0,0,0,0,0,0,0,0,0,0,0,0,0,0,0,0,0,0,0,0,0,1,0,0,0,0,0,0
h1rFDqS--Vw,2022-10-07,204.0,16.0,2972.0,-0.9986146688461304,TV5,Gadapa Gadapaku ,0,0,0,0,0,0,0,0,0,0,0,0,0,0,0,0,0,0,0,0,0,0,0,0,0,0,0,0,0,0,0,0,0,0,0,0,0,0,0,0,0,0,0,0,0,0,0
NnKlsgPH_mU,2023-02-04,273.0,2.0,2164.0,0.9955136179924012,Sakshi,Gadapa Gadapaku ,0,0,0,0,0,0,0,0,0,0,0,0,0,0,0,1,0,0,0,0,0,0,0,0,0,0,0,0,0,0,1,0,0,0,0,0,0,0,0,1,0,0,0,0,0,1,0
CmsckLoXrF8,2022-12-02,222.0,0.0,1949.0,-0.9982209801673888,Sakshi,Gadapa Gadapaku ,0,0,0,0,0,0,0,0,0,1,0,0,0,0,0,0,0,0,0,0,0,0,0,0,0,0,1,0,0,0,0,0,0,0,0,0,0,1,0,1,0,0,0,0,0,0,0
LBW-9hEOy_Y,2022-07-14,551.0,1.0,1247.0,0.9965240359306335,Sakshi,Gadapa Gadapaku ,0,0,0,0,0,0,0,0,0,0,0,0,0,0,0,1,0,0,0,0,0,0,0,0,0,0,0,0,0,0,0,0,0,0,1,0,0,0,0,0,0,0,1,0,0,0,0
vvv9qC6weEI,2022-11-07,253.0,15.0,1510.0,-0.9989548921585084,ABN,Gadapa Gadapaku ,0,0,0,0,0,0,0,0,0,0,0,0,0,0,0,0,0,0,0,0,0,0,0,0,0,0,0,0,0,0,0,0,0,0,0,0,0,0,0,0,0,0,0,0,0,0,0
TgMyKtxKysU,2023-02-02,229.0,0.0,2520.0,-0.9993976354599,ABN,Gadapa Gadapaku ,0,0,0,0,0,0,0,0,0,0,0,0,0,0,0,0,0,0,0,0,0,0,0,0,0,0,0,0,0,0,0,0,0,0,0,0,0,0,0,0,0,0,0,0,0,0,0
oH_w1_IEVzY,2023-01-31,141.0,5.0,2777.0,0.991818904876709,Sakshi,Gadapa Gadapaku ,0,0,0,0,0,0,0,0,0,0,0,0,0,0,1,0,0,1,0,1,1,0,0,0,0,0,0,0,0,0,0,0,0,0,0,0,0,0,1,0,0,0,0,0,0,0,0
c3tBe_-hxto,2023-01-24,317.0,19.0,6833.0,0.9947311878204346,Sakshi,Gadapa Gadapaku ,0,0,0,0,0,0,0,0,0,0,0,1,0,0,1,0,0,0,0,0,1,0,0,0,0,1,0,0,0,0,0,0,0,0,0,0,0,1,1,0,0,0,0,0,0,0,0
fEe4bHnqXhc,2023-01-20,237.0,0.0,861.0,0.9963796734809875,Sakshi,Gadapa Gadapaku ,0,0,1,0,0,0,0,0,0,0,0,1,0,0,0,0,0,0,0,0,1,0,0,0,0,1,0,0,0,0,0,0,0,0,0,0,0,0,0,0,0,1,1,0,0,0,0
kW60ea1GePA,2023-01-05,316.0,19.0,4831.0,0.9801733493804932,ABN,Gadapa Gadapaku ,0,0,0,0,0,0,0,0,0,0,0,0,0,0,0,0,0,0,0,0,0,0,0,0,0,0,0,0,0,0,0,0,0,0,0,0,0,0,0,0,0,0,0,0,0,0,0
DXumu_WOypg,2022-07-26,277.0,5.0,3263.0,-0.9977838397026062,Sakshi,Gadapa Gadapaku ,0,0,0,0,0,0,0,0,0,0,0,0,0,0,0,0,0,0,0,0,0,0,0,0,1,0,0,0,0,0,1,0,0,1,0,0,0,0,0,0,0,0,0,0,0,0,0
4AS8kTGacBE,2022-07-07,222.0,3.0,1769.0,0.9982396364212036,Sakshi,Gadapa Gadapaku ,0,0,0,0,0,0,0,1,0,0,1,0,1,0,1,0,0,0,0,0,0,0,0,0,0,0,0,0,0,0,0,1,0,0,1,0,0,0,0,0,0,0,1,0,1,0,0
kRTn-NUX8mo,2023-01-11,246.0,0.0,2205.0,-0.9985641837120056,ABN,Gadapa Gadapaku ,0,0,0,0,0,0,0,0,0,0,0,0,0,0,0,0,0,0,0,0,0,0,0,0,0,0,0,0,0,0,0,0,0,0,0,0,0,0,0,0,0,0,0,0,0,0,0
dB1WDXzCeIY,2023-04-19,121.0,4.0,2776.0,-0.9993975162506104,TV5,Gadapa Gadapaku ,0,0,0,0,0,0,0,0,0,0,0,0,0,0,0,0,0,0,0,0,0,0,0,0,0,0,0,0,0,0,0,0,0,0,0,0,0,0,0,0,0,0,0,0,0,0,0
TcLZLr0BQoE,2022-11-15,117.0,47.0,14317.0,0.9980164766311646,Sakshi,Gadapa Gadapaku ,0,0,0,0,0,0,0,0,0,0,0,0,0,0,0,0,0,0,0,0,0,0,0,1,0,0,0,0,1,0,0,0,0,0,0,0,0,0,0,0,0,0,0,0,0,0,0
i_Q-b7kC3cU,2022-05-11,140.0,18.0,12818.0,0.9970539808273317,Sakshi,Gadapa Gadapaku ,1,0,0,0,0,0,0,0,0,0,0,0,0,0,0,0,0,1,0,0,0,0,0,0,0,0,0,0,0,0,0,0,0,0,0,0,0,0,0,1,0,0,0,0,0,0,0
v7kq7YHdzZw,2023-03-30,77.0,2.0,1068.0,-0.99933260679245,TV5,Gadapa Gadapaku ,0,0,0,0,0,0,0,0,0,0,0,0,0,0,0,0,0,0,0,0,0,0,0,0,0,0,0,0,0,0,0,0,0,0,0,0,0,0,0,0,0,0,0,0,0,0,0
bQCrM69hjvM,2023-03-24,272.0,1.0,768.0,-0.987585186958313,TV5,Gadapa Gadapaku ,0,0,0,0,0,0,0,0,0,0,0,0,0,0,0,0,0,0,0,0,0,0,0,0,0,0,0,0,0,0,0,0,0,0,0,0,0,0,0,0,0,0,0,0,0,0,0
AswcjfI4BQQ,2023-01-28,275.0,3.0,6139.0,0.9961950778961182,TV5,Gadapa Gadapaku ,0,0,0,0,0,0,0,1,0,0,0,0,0,0,0,0,0,0,0,0,0,0,0,0,0,0,0,0,0,0,0,0,0,0,0,0,0,0,0,0,0,0,0,0,0,0,0
ON4lLPRdiU8,2022-11-10,138.0,2.0,1477.0,0.9568766951560974,Sakshi,Gadapa Gadapaku ,0,0,0,0,0,0,0,0,0,0,0,0,0,0,0,0,0,0,0,0,0,0,0,0,0,0,0,0,0,0,0,0,0,0,0,0,0,0,0,0,0,0,0,0,0,0,0
2j1x-Cgwi5Y,2023-04-04,227.0,44.0,29546.0,0.9980432987213136,Sakshi,Gadapa Gadapaku ,0,0,0,0,0,0,0,0,0,0,0,0,0,0,0,0,0,0,0,0,0,0,0,0,0,0,0,0,0,0,0,0,0,0,0,0,0,0,0,0,0,0,0,0,0,0,0
wY6FC7klKS0,2022-07-27,203.0,29.0,25183.0,-0.8801581859588623,Sakshi,Gadapa Gadapaku ,0,0,0,1,0,0,1,1,0,0,0,0,0,0,0,0,0,1,0,0,0,0,0,0,0,0,1,0,0,1,0,0,1,0,0,0,1,0,0,0,0,0,0,0,0,0,1
TMdjyg9gV5I,2022-12-16,147.0,1.0,1583.0,0.991337776184082,Sakshi,Gadapa Gadapaku ,0,0,0,0,0,0,0,0,0,0,0,0,0,0,0,0,0,0,0,0,0,0,0,0,0,0,0,0,0,0,0,0,0,0,0,0,0,0,0,0,0,0,0,0,0,0,0
GydgpuIgl0M,2022-11-02,2730.0,8.0,12962.0,-0.9993435740470886,TV5,Gadapa Gadapaku ,0,0,0,0,0,0,0,0,0,0,0,0,0,0,0,0,0,0,0,0,0,0,0,0,0,0,0,0,0,0,0,0,0,0,0,0,0,0,0,0,0,0,0,0,0,0,0
vbhBi37F1K8,2022-12-05,208.0,8.0,9539.0,-0.9971676468849182,TV5,Gadapa Gadapaku ,0,0,0,0,0,0,0,0,0,0,0,0,0,0,0,0,0,0,0,0,0,0,0,0,0,0,0,0,0,0,0,0,0,0,0,0,0,0,0,0,0,0,0,0,0,0,0
yeJSWM3lsag,2022-09-09,102.0,10.0,11970.0,-0.9984591007232666,Sakshi,Gadapa Gadapaku ,0,0,0,0,0,0,0,0,0,0,0,0,0,0,0,0,0,0,0,0,0,0,0,0,0,1,0,0,1,0,0,0,0,0,0,0,0,0,0,0,0,0,0,0,0,0,0
L2UzUavcoIg,2023-03-15,326.0,2.0,5187.0,-0.9987157583236694,TV9,Gadapa Gadapaku ,0,0,0,0,0,0,0,0,0,0,0,0,0,0,0,0,0,0,0,0,0,0,0,0,0,0,0,0,0,0,0,0,0,0,0,0,0,0,0,0,0,0,0,0,0,0,0
2XXbv68rBEk,2023-04-13,101.0,1.0,2042.0,-0.9982134103775024,TV5,Gadapa Gadapaku ,0,0,0,0,0,0,0,0,0,0,0,0,0,0,0,0,0,0,0,0,0,0,0,0,0,0,0,0,0,0,0,0,0,0,0,0,0,0,0,0,0,0,0,0,0,0,0
dbWOPEtIT1A,2023-04-03,140.0,29.0,23084.0,0.9928433299064636,Sakshi,Gadapa Gadapaku ,0,0,0,0,0,0,0,0,0,0,0,0,0,0,0,0,0,0,0,0,0,0,0,0,0,0,0,0,0,0,0,0,0,0,0,0,0,0,0,0,0,0,0,0,0,0,0
Wz1mnNZxRaQ,2023-04-20,293.0,4.0,14873.0,-0.9974501729011536,ABN,Gadapa Gadapaku ,0,0,0,0,0,0,0,0,0,0,0,0,0,0,0,0,0,0,0,0,0,0,0,0,0,0,0,0,0,0,0,0,0,0,0,0,0,0,0,0,0,0,0,0,0,0,0
iM6Hg7ST_Zg,2022-11-03,115.0,4.0,2155.0,-0.9988002777099608,Sakshi,Gadapa Gadapaku ,0,0,0,0,0,0,0,0,0,0,0,0,0,0,0,0,0,0,0,0,0,0,0,0,0,0,0,0,0,0,0,0,0,0,0,0,0,0,0,0,0,0,0,0,0,0,0
0a5Dxjt50AY,2023-01-10,353.0,18.0,7033.0,-0.9958239793777466,TV5,Gadapa Gadapaku ,0,0,0,0,0,0,0,0,0,0,0,0,0,0,0,0,0,0,0,0,0,0,0,0,0,0,0,0,0,0,0,0,0,0,0,0,0,0,0,0,0,0,0,0,0,0,0
7_qNkVXZfjs,2022-12-16,96.0,2.0,1689.0,-0.9942210912704468,Sakshi,Gadapa Gadapaku ,0,0,0,0,0,0,0,0,0,0,0,0,0,0,0,0,0,0,0,0,0,0,0,0,0,0,0,0,0,0,0,0,0,0,0,0,0,0,0,0,0,0,0,0,0,0,1
xUKExwlQqiM,2023-01-21,173.0,1.0,1044.0,0.998573899269104,Sakshi,Gadapa Gadapaku ,0,0,1,0,0,0,0,0,0,0,1,1,0,0,0,0,0,1,0,0,0,0,1,0,0,1,0,0,0,0,0,1,0,0,0,0,0,1,0,0,0,0,1,0,1,0,0
dDlPesWkQXU,2022-11-30,85.0,1.0,1375.0,-0.9983410835266112,ABN,Gadapa Gadapaku ,0,0,0,0,0,0,0,0,0,0,0,0,0,0,0,0,0,0,0,0,0,0,0,0,0,0,0,0,0,0,0,0,0,0,0,0,0,0,0,0,0,0,0,0,0,0,0
Tg-ExGGWv3M,2022-12-17,287.0,1.0,660.0,-0.9989218711853028,Sakshi,Gadapa Gadapaku ,0,0,0,0,0,0,0,0,0,0,0,0,0,0,0,0,0,0,0,0,0,0,0,0,0,0,0,0,0,0,0,0,0,0,0,0,0,0,0,0,0,0,0,0,0,0,0
u5EGwl2izds,2022-05-11,90.0,58.0,14265.0,0.9921444654464722,Sakshi,Gadapa Gadapaku ,0,0,0,0,0,0,0,0,0,0,0,0,0,0,0,0,0,1,0,0,0,0,0,0,0,0,0,0,0,0,0,0,0,0,0,0,0,0,0,0,0,0,0,0,0,0,0
Dp0_8xb1vfs,2023-02-07,106.0,5.0,9863.0,-0.9934391379356384,ABN,Gadapa Gadapaku ,0,0,0,0,0,0,0,0,0,0,0,0,0,0,0,0,0,0,0,0,0,0,0,0,0,0,0,0,0,0,0,0,0,0,0,0,0,0,0,0,0,0,0,0,0,0,0
eUp7JF8vH78,2022-12-16,271.0,342.0,63874.0,0.9966800212860109,Sakshi,Gadapa Gadapaku ,0,0,0,0,0,0,0,0,0,0,0,0,0,0,0,0,0,0,0,0,0,0,0,1,0,0,0,0,0,0,0,0,0,0,0,0,0,0,0,0,0,0,0,0,0,0,0
FTya39RxRu8,2022-11-11,508.0,15.0,5291.0,0.9980277419090272,Sakshi,Gadapa Gadapaku ,0,0,0,0,0,0,0,0,0,0,0,0,0,0,0,0,0,0,0,0,0,0,0,0,0,0,0,0,0,0,0,0,0,0,0,0,0,0,0,0,0,0,0,0,0,0,0
CeGRBWdwck8,2022-11-09,160.0,1.0,2038.0,-0.9956473708152772,TV5,Gadapa Gadapaku ,0,0,0,0,0,0,0,0,0,0,0,0,0,0,0,0,0,0,0,0,0,0,0,0,0,0,0,0,0,0,0,0,0,0,0,0,0,0,0,0,0,0,0,0,0,0,0
Rh3uOPk0EEc,2022-06-29,199.0,0.0,1657.0,0.9982348680496216,Sakshi,Gadapa Gadapaku ,0,0,0,0,0,0,1,0,0,0,0,0,0,0,0,0,0,1,0,0,0,0,0,0,0,0,0,0,0,0,0,0,0,0,0,0,0,0,0,0,0,0,0,0,0,1,0
Rb4LvIJSkMc,2022-11-13,162.0,2.0,1505.0,-0.9923006296157836,Sakshi,Gadapa Gadapaku ,0,0,0,0,0,1,0,0,0,0,0,1,0,0,0,0,0,1,0,0,0,0,0,0,0,0,0,0,0,0,0,0,0,0,1,0,0,0,0,0,0,0,0,0,0,0,0
Vi0kl-BDMkk,2022-06-21,87.0,15.0,5048.0,0.9959017634391784,Sakshi,Gadapa Gadapaku ,0,0,0,0,0,0,0,0,0,0,0,0,0,0,0,1,0,0,0,0,0,0,0,0,0,0,0,0,0,0,0,0,0,0,0,0,0,0,0,0,0,0,0,0,0,0,0
B_x4hIGspxY,2022-11-23,208.0,11.0,8337.0,-0.9984862208366394,Sakshi,Gadapa Gadapaku ,0,0,0,0,0,0,0,0,0,0,0,0,0,0,0,0,0,0,0,0,0,0,0,0,0,0,0,0,0,0,0,0,0,0,0,0,0,0,0,0,0,0,0,0,0,0,0
RgOom7-a3qM,2023-04-21,305.0,4.0,3879.0,0.9981217980384828,Sakshi,Gadapa Gadapaku ,0,0,0,0,0,0,0,0,0,0,0,0,0,0,0,0,0,0,0,0,0,0,0,0,0,0,0,0,0,0,0,0,0,0,0,0,0,0,0,0,0,0,0,0,0,0,0
PQ7-1nEMF2Q,2023-01-11,284.0,2.0,1413.0,0.9983342289924622,Sakshi,Gadapa Gadapaku ,0,0,0,0,0,0,0,0,0,0,0,0,0,0,0,0,0,1,0,0,0,0,0,0,0,0,0,0,0,0,0,0,0,0,0,1,0,0,0,0,0,0,0,0,0,0,0
pGz00ub4asw,2022-12-01,115.0,22.0,7026.0,-0.9974863529205322,Sakshi,Gadapa Gadapaku ,0,0,0,0,0,0,0,0,0,0,0,0,0,0,0,0,0,0,0,0,0,0,0,0,0,0,0,0,0,0,0,0,0,0,0,0,0,0,0,0,0,0,0,0,0,0,0
--PW3AYu4fM,2022-11-02,213.0,0.0,2168.0,-0.998705506324768,TV5,Gadapa Gadapaku ,0,0,0,0,0,0,0,0,0,0,0,0,0,0,0,0,0,0,0,0,0,0,0,0,0,0,0,0,0,0,0,0,0,0,0,0,0,0,0,0,0,0,0,0,0,0,0
PyERvcKoo5I,2022-06-20,1232.0,17.0,2994.0,0.981090247631073,Sakshi,Gadapa Gadapaku ,0,0,0,0,0,0,0,0,0,0,0,0,0,0,0,0,0,0,0,0,0,0,0,0,0,0,0,0,0,0,0,0,0,0,0,0,0,0,0,0,0,0,0,0,0,0,0
p1Y_-6GcOfs,2022-11-27,212.0,4.0,1762.0,-0.9862337112426758,TV9,Gadapa Gadapaku ,0,0,0,0,0,0,0,0,1,0,0,0,0,0,0,0,0,0,0,0,0,0,0,0,0,0,0,0,0,0,0,0,0,0,1,0,0,0,0,0,0,0,0,0,0,0,0
9B1JA8az1pM,2022-11-14,133.0,11.0,13421.0,-0.998783528804779,TV5,Gadapa Gadapaku ,0,0,0,0,0,0,0,0,0,0,0,0,0,0,0,0,0,0,0,0,0,0,0,0,0,0,0,0,0,0,0,0,0,0,0,0,0,0,0,0,0,0,0,0,0,0,0
Bsef_6pY0aY,2023-01-17,219.0,5.0,14279.0,0.9882441759109496,TV9,Gadapa Gadapaku ,0,0,0,0,1,0,0,0,0,0,0,0,0,0,0,0,0,0,0,0,0,0,0,0,0,0,0,0,0,0,0,0,0,0,0,0,0,0,0,0,0,1,0,0,0,0,0
HQSIKXbpMV4,2022-10-30,127.0,1.0,950.0,-0.993311643600464,TV5,Gadapa Gadapaku ,0,0,0,0,0,0,0,0,0,0,0,0,0,0,0,0,0,0,0,0,0,0,0,0,0,0,0,0,0,0,0,0,0,0,0,0,0,0,0,0,0,0,0,0,0,0,0
7w2h_wadEP4,2023-03-12,264.0,266.0,130403.0,0.9987603425979614,ABN,Gadapa Gadapaku ,0,0,0,0,0,0,0,0,0,0,0,0,0,0,0,0,0,0,0,0,0,0,0,0,0,0,0,0,0,0,0,0,0,0,0,0,0,0,0,0,0,0,0,0,0,0,0
vYvmX0s_GKM,2022-06-30,392.0,0.0,1079.0,-0.9298534989356996,Sakshi,Gadapa Gadapaku ,0,0,0,0,0,0,0,0,1,0,0,0,0,0,0,0,0,0,0,0,0,0,0,0,0,0,0,0,0,0,0,0,0,0,0,0,0,0,0,0,0,0,0,0,0,0,0
ZTl_D2056w0,2023-04-10,255.0,14.0,14613.0,0.9983717799186708,TV9,Gadapa Gadapaku ,0,0,0,0,0,0,0,0,0,0,0,0,0,0,0,0,0,0,0,0,0,0,0,0,0,0,0,0,0,0,0,0,0,0,0,0,0,0,0,0,0,0,0,0,0,0,0
fGtRCrJ-DHk,2022-05-20,171.0,24.0,9348.0,0.9953320622444152,Sakshi,Gadapa Gadapaku ,0,0,0,0,0,0,0,0,0,1,0,0,1,1,0,0,0,1,0,0,0,0,0,0,0,0,0,0,0,0,1,0,0,0,0,0,0,0,0,0,0,0,0,0,0,0,0
gecse3cE55Q,2023-01-31,235.0,4.0,3886.0,0.9973402619361876,TV5,Gadapa Gadapaku ,0,0,0,0,0,0,0,0,0,0,0,0,0,0,0,0,0,0,0,0,0,0,0,0,0,0,0,0,0,0,0,0,0,0,0,0,0,0,0,0,0,0,0,0,0,0,0
GDhvWCxvr_8,2022-07-25,119.0,6.0,6101.0,0.988105058670044,Sakshi,Gadapa Gadapaku ,0,0,0,0,0,0,0,0,0,0,0,0,0,0,0,0,0,0,0,0,0,0,0,0,0,0,0,0,0,0,0,0,0,0,0,0,0,0,0,0,0,0,0,0,0,0,0
iPWj43ux0zw,2022-09-09,188.0,12.0,6744.0,0.9978325963020324,Sakshi,Gadapa Gadapaku ,0,0,0,0,0,0,0,0,0,0,0,0,0,1,0,1,0,0,0,0,0,0,0,0,0,0,0,0,0,0,0,0,0,0,0,0,0,0,0,0,0,0,1,0,0,0,0
UxHTtfxhJSg,2023-04-13,73.0,5.0,6437.0,-0.9886052012443542,TV5,Gadapa Gadapaku ,0,0,0,0,0,0,0,0,0,0,0,0,0,0,0,0,0,0,0,0,0,0,0,0,0,0,0,0,0,0,0,0,0,0,0,0,0,0,0,0,0,0,0,0,0,0,0
amiqLoA-gZM,2022-09-12,77.0,22.0,9419.0,0.9900362491607666,Sakshi,Gadapa Gadapaku ,0,0,0,0,0,0,0,0,0,0,0,0,0,0,0,0,0,0,0,0,0,0,0,0,0,0,0,0,0,0,0,0,0,0,0,0,0,0,0,0,0,0,0,0,0,0,0
nOB78IFlAL4,2023-04-06,105.0,0.0,721.0,-0.9984626770019532,ABN,Gadapa Gadapaku ,0,0,0,0,0,0,0,0,0,0,0,0,0,0,0,0,0,0,0,0,0,0,0,0,0,0,0,0,0,0,0,0,0,0,0,0,0,0,0,0,0,0,0,0,0,0,0
SLffvd8329Y,2023-04-19,77.0,0.0,1083.0,-0.9992913007736206,ABN,Gadapa Gadapaku ,0,0,0,0,0,0,0,0,0,0,0,0,0,0,0,0,0,0,0,0,0,0,0,0,0,0,0,0,0,0,0,0,0,0,0,0,0,0,0,0,0,0,0,0,0,0,0
OxwmsMX3_Kg,2022-11-09,255.0,5.0,910.0,0.9987383484840392,Sakshi,Gadapa Gadapaku ,0,0,1,0,1,0,0,1,0,1,0,0,0,0,0,0,0,0,0,0,0,0,0,0,1,0,0,0,0,0,0,0,0,0,1,0,0,0,0,0,1,0,0,0,0,0,0
EZmxrRCxozs,2022-11-23,303.0,6.0,9852.0,-0.9994396567344666,Sakshi,Gadapa Gadapaku ,0,0,0,1,0,0,0,0,0,0,0,0,0,0,0,0,0,0,0,0,0,0,0,0,0,0,0,0,0,0,0,0,0,1,0,0,0,0,0,0,0,0,0,0,0,0,0
wG43-5trBDE,2023-02-06,201.0,2.0,4208.0,-0.998606503009796,ABN,Gadapa Gadapaku ,0,0,0,0,0,0,0,0,0,0,0,0,0,0,0,0,0,0,0,0,0,0,0,0,0,0,0,0,0,0,0,0,0,0,0,0,0,0,0,0,0,0,0,0,0,0,0
