ids,upload_date,duration,comment_count,view_count,sentiment,uploader,tags,tirupati_l.png,vizianagaram_.png,jaggayyapeta.png,kodur.png,venkatagiri.png,kakinada.png,eluru.png,pulivendula.png,kalayan_durg.png,Venkata_Mahesh.png,paturi_nagabhusnam.png,nandyal_l.png,nandikotkur.png,tekkali.png
Wyvh-UzGF0U,2022-11-13,147.0,0.0,999.0,-0.9993834495544434,TV5,ram gopal varma,0,0,0,0,0,0,0,0,0,0,0,0,0,0
b2jQulV1mmc,2022-09-12,70.0,2.0,4183.0,-0.9980719089508056,TV5,ram gopal varma,0,0,0,0,0,0,0,0,0,0,0,0,0,0
UMrvP7ILgis,2022-03-27,326.0,1.0,2973.0,0.9980177879333496,Sakshi,ram gopal varma,0,0,0,0,0,0,0,0,0,0,0,0,0,0
mrcfKpmjOx4,2022-10-29,320.0,26.0,5581.0,0.998766303062439,TV5,ram gopal varma,0,0,0,0,0,0,0,0,0,0,0,0,0,0
nGnZzG3pKQ4,2023-01-17,172.0,4.0,36924.0,-0.9980515241622924,TV9,ram gopal varma,0,0,0,0,0,0,0,0,0,0,0,0,0,0
NsUZzMaAHbs,2022-10-10,216.0,0.0,740.0,-0.9965499639511108,TV5,ram gopal varma,0,0,0,0,0,0,0,0,0,0,0,0,0,0
TBzMBe1HDrM,2023-01-16,84.0,52.0,24649.0,0.995537281036377,Sakshi,ram gopal varma,0,0,0,0,0,0,0,0,0,0,0,0,0,0
MopNqI-O_k0,2023-01-16,86.0,9.0,1484.0,0.9969075322151184,ABN,ram gopal varma,0,0,0,0,1,0,0,0,0,0,0,0,0,0
TF_k-gID3EY,2023-01-24,21.0,0.0,1259.0,-0.9556719064712524,TV9,ram gopal varma,0,0,0,0,0,0,0,0,0,0,0,0,0,0
uQ4U306fLDQ,2022-11-21,141.0,1.0,980.0,-0.996269941329956,ABN,ram gopal varma,0,0,0,0,0,0,0,0,0,0,0,0,0,0
Y1Ky7vPf1Fw,2022-09-16,255.0,1.0,1230.0,-0.9922635555267334,TV5,ram gopal varma,0,0,0,0,0,0,0,0,0,0,0,0,0,0
Ha1USBTlhUA,2021-09-13,521.0,6.0,5169.0,-0.9895756244659424,Sakshi,ram gopal varma,0,0,0,0,0,0,0,0,0,0,0,0,0,0
jVZbX3MpqP8,2023-02-09,77.0,0.0,404.0,0.9982596039772034,ABN,ram gopal varma,0,0,0,0,0,0,0,0,0,0,0,0,0,0
vhhV3TpmuzU,2022-11-08,221.0,4.0,1119.0,-0.9920280575752258,ABN,ram gopal varma,0,0,0,0,0,0,0,0,0,0,0,0,0,1
tby0xJOrxyM,2023-01-11,2865.0,4.0,3417.0,-0.9877960681915284,ABN,ram gopal varma,0,0,0,0,0,0,0,0,0,0,0,0,0,0
4DfUflO0HjA,2022-11-26,187.0,6.0,2512.0,-0.9930301308631896,TV5,ram gopal varma,0,0,0,0,0,0,0,0,0,0,0,0,0,0
0YepRmVIAJE,2022-12-27,363.0,0.0,695.0,0.9983686804771424,TV9,ram gopal varma,0,0,0,0,0,0,0,0,0,0,0,0,0,0
-4spwTR3y1E,2022-10-29,200.0,55.0,12027.0,-0.9984551668167114,TV5,ram gopal varma,0,0,0,0,0,0,0,0,0,0,0,0,0,0
2epMA6cru7A,2021-02-20,239.0,0.0,1293.0,0.9973590970039368,Sakshi,ram gopal varma,0,0,0,0,0,0,0,0,0,0,1,0,0,0
WaOofG-fZxA,2022-12-21,456.0,0.0,3586.0,-0.999357521533966,ABN,ram gopal varma,0,0,0,0,0,0,0,0,0,0,0,0,0,0
jmwJ738anpw,2022-10-16,64.0,2.0,9731.0,0.9881762266159058,TV5,ram gopal varma,0,0,0,0,0,0,0,0,0,0,0,0,0,0
3bpHcsDiwO4,2023-01-10,104.0,2.0,874.0,-0.9988672733306884,TV5,ram gopal varma,0,1,1,1,0,0,0,0,0,0,0,0,0,0
04y3WqKpJ18,2022-10-16,264.0,3.0,1270.0,0.9951032400131226,ABN,ram gopal varma,0,0,0,0,0,0,0,0,0,0,0,0,0,0
29USEWpA2IE,2021-07-23,299.0,4.0,7953.0,0.991755485534668,Sakshi,ram gopal varma,0,0,0,0,0,0,0,0,0,0,0,0,0,0
gJtyy8CX_u8,2022-12-06,225.0,0.0,2808.0,-0.9983162879943848,TV9,ram gopal varma,0,0,0,0,0,0,0,0,0,0,0,0,0,0
SQKKncbqTlM,2022-09-12,70.0,2.0,4049.0,0.99648916721344,TV5,ram gopal varma,0,0,0,0,0,0,0,0,0,0,0,0,0,0
fbR_CRcKPQU,2021-02-21,319.0,2.0,6558.0,0.9983177185058594,Sakshi,ram gopal varma,0,0,0,0,0,0,0,0,0,0,0,0,0,0
F3Qsx8T4QwA,2022-09-12,160.0,1.0,5434.0,-0.9944503307342528,TV5,ram gopal varma,0,1,0,0,0,0,0,0,0,0,0,0,0,0
so1Wmoc6aNw,2022-10-18,365.0,1.0,4934.0,-0.9973430037498474,TV5,ram gopal varma,0,0,0,0,0,0,0,0,1,0,0,0,0,0
U6S0GzocGHM,2022-09-24,210.0,2.0,850.0,0.9986282587051392,TV5,ram gopal varma,0,0,0,0,0,0,0,0,0,0,0,0,0,0
XBoqyzc9y70,2023-01-22,148.0,16.0,31427.0,-0.9976939558982848,TV5,ram gopal varma,0,1,1,0,1,0,1,0,1,1,0,0,1,0
slUVvjwznZ0,2022-11-21,57.0,6.0,2951.0,0.9981574416160583,TV9,ram gopal varma,0,0,0,0,0,0,0,0,0,0,0,0,0,0
YAlnVWgsCL4,2022-10-31,290.0,9.0,4123.0,-0.9903784990310668,ABN,ram gopal varma,0,1,0,0,0,0,0,0,0,0,1,0,0,0
Jic4Mo91tZQ,2023-01-03,270.0,0.0,3193.0,-0.9966942071914672,TV9,ram gopal varma,0,0,0,0,0,0,0,0,0,0,0,0,0,0
IK2JTM37Lh0,2022-11-23,293.0,3.0,3015.0,0.9866238236427308,TV9,ram gopal varma,0,0,0,0,0,0,0,0,0,0,0,0,0,0
cipHsZhUfVo,2022-10-27,8261.0,15.0,22363.0,0.9960920214653016,TV5,ram gopal varma,0,0,0,0,0,0,0,0,0,0,0,0,0,0
QcPPJ9QvXTY,2023-01-06,270.0,20.0,11597.0,0.9979292154312134,TV5,ram gopal varma,1,0,0,1,1,0,0,0,0,0,0,0,0,0
eL7-oExTS9Q,2023-01-06,260.0,3.0,2278.0,-0.993150532245636,TV5,ram gopal varma,1,1,0,1,1,0,0,0,0,0,0,0,0,0
Z9RUpVLEIro,2021-02-15,196.0,10.0,4008.0,0.9924942255020142,Sakshi,ram gopal varma,0,0,0,0,0,0,0,1,0,1,0,0,0,0
gM1g96ZIhCs,2022-12-16,225.0,0.0,785.0,-0.9970499277114868,ABN,ram gopal varma,0,0,0,0,0,0,0,0,0,0,0,0,0,0
0C_e0rChWmM,2022-12-06,321.0,2.0,3254.0,-0.9985764026641846,TV9,ram gopal varma,0,0,0,0,0,0,0,0,0,0,0,0,0,0
lKpLSRhFL7g,2022-10-31,117.0,0.0,443.0,0.9978054165840148,ABN,ram gopal varma,0,0,0,0,0,0,0,0,1,0,0,0,0,0
g9c4mIs7O_Y,2022-12-31,304.0,91.0,24912.0,-0.9988314509391784,TV9,ram gopal varma,0,0,0,0,0,0,1,0,0,0,0,0,0,0
dfdMoQpyj5Q,2023-01-14,492.0,8.0,39446.0,-0.9678807854652404,ABN,ram gopal varma,0,0,0,0,0,0,0,0,0,0,0,0,0,0
Rb4nrgdBgm0,2022-09-15,324.0,4.0,4436.0,-0.9978528022766112,TV5,ram gopal varma,0,0,0,0,1,0,0,0,1,0,1,0,0,0
IpTHlm6XKMM,2022-12-21,276.0,5.0,1580.0,0.9987552165985109,Sakshi,ram gopal varma,0,0,0,0,0,0,1,1,1,0,0,0,0,1
JzHnoExM_D8,2022-11-15,92.0,0.0,2306.0,0.9960149526596068,TV5,ram gopal varma,0,0,0,0,0,0,0,0,0,0,0,0,0,0
2PK9KiIGyFk,2022-11-02,185.0,0.0,368.0,-0.9978125095367432,ABN,ram gopal varma,0,0,0,0,0,0,0,0,0,0,0,0,0,0
J4NPmkv27ls,2023-01-19,199.0,2.0,22543.0,-0.994531512260437,TV9,ram gopal varma,0,0,0,0,0,0,0,0,0,0,0,0,0,0
difUpiwr4no,2023-02-09,285.0,27.0,8766.0,0.9974693059921264,ABN,ram gopal varma,0,0,0,0,0,0,0,0,0,0,0,0,0,0
04MES9DurT4,2023-02-10,260.0,0.0,1978.0,-0.990069568157196,ABN,ram gopal varma,0,0,0,0,0,0,0,0,0,0,0,0,0,0
dGwBJdDWVtY,2022-12-28,213.0,1.0,2318.0,0.9931395649909972,TV9,ram gopal varma,0,0,0,0,0,0,0,0,0,0,0,0,0,0
84QAAzx2S0w,2022-10-27,430.0,3.0,883.0,-0.9984922409057616,ABN,ram gopal varma,0,0,0,0,0,0,0,0,0,0,0,0,0,1
YX2F3vSISoM,2019-12-21,283.0,0.0,1516.0,0.9983395338058472,Sakshi,ram gopal varma,0,0,0,0,0,0,0,1,0,0,0,0,0,0
bxMUxY9lnlo,2023-01-01,277.0,0.0,3135.0,-0.9962235689163208,Sakshi,ram gopal varma,0,1,0,0,1,1,0,0,1,1,0,0,0,0
6Pywy9vBucA,2022-10-29,155.0,14.0,4614.0,-0.9992419481277466,TV5,ram gopal varma,0,0,0,0,0,0,0,0,0,0,0,0,0,0
fw2w2oiWA8Y,2023-02-10,78.0,1.0,423.0,0.9518786072731018,ABN,ram gopal varma,0,0,0,0,0,0,0,0,0,0,0,0,0,0
rI5mTIaVerg,2022-04-06,79.0,39.0,33208.0,0.9967681169509888,Sakshi,ram gopal varma,0,0,0,0,0,0,0,0,0,0,0,0,0,0
0zMK1gpbdpA,2022-09-12,34745.0,2.0,14851.0,0.9955346584320068,TV5,ram gopal varma,0,0,0,0,0,0,0,0,0,0,0,0,0,0
QLZxb10_9Q4,2021-02-21,226.0,1.0,845.0,0.9984815716743468,Sakshi,ram gopal varma,0,0,0,0,0,0,0,0,0,0,0,0,0,0
wuEkxoVFOvk,2023-01-22,295.0,48.0,25094.0,0.9976237416267396,TV5,ram gopal varma,0,0,0,0,0,0,0,0,0,0,0,1,0,0
fH_8vbKXCOM,2022-11-25,224.0,8.0,2445.0,0.9962555170059204,TV9,ram gopal varma,0,0,0,0,0,0,0,0,0,0,1,0,0,0
sKHNl206as8,2019-12-21,104.0,0.0,503.0,0.9984605312347412,Sakshi,ram gopal varma,0,0,0,0,0,0,0,0,0,0,0,0,0,0
OGelxB0tgIk,2022-10-04,111.0,16.0,2172.0,0.997655749320984,TV5,ram gopal varma,0,0,0,0,0,0,0,0,0,0,0,0,0,0
7KyKWG9NX38,2022-10-26,373.0,23.0,5287.0,0.9974933862686156,ABN,ram gopal varma,0,0,0,0,0,0,0,0,0,0,0,0,0,0
mQnHSJL-cZA,2023-02-24,334.0,0.0,1005051.0,0.988470196723938,TV9,ram gopal varma,0,0,0,0,0,0,0,0,0,0,0,0,0,0
LIbSq65Wba4,2023-03-19,346.0,0.0,2454.0,0.9904049634933472,TV9,ram gopal varma,0,0,0,0,0,0,0,0,0,0,0,0,0,0
64YVyovC6Xc,2023-03-08,296.0,37.0,12806.0,-0.9980921149253844,ABN,ram gopal varma,0,0,0,0,0,0,0,0,0,0,0,0,0,0
o9-F7I7i5q8,2022-12-08,362.0,36.0,20652.0,-0.9964115023612976,TV9,ram gopal varma,0,0,0,0,0,0,0,0,0,0,0,0,0,1
OlTwJgzVOTk,2022-10-28,455.0,0.0,196562.0,-0.9983034133911132,TV5,ram gopal varma,0,0,0,1,0,0,0,0,0,0,0,1,0,1
fT7ydmhaJ7M,2022-10-04,226.0,2.0,612.0,0.9902015328407288,TV5,ram gopal varma,0,0,0,0,0,0,0,0,0,0,0,0,0,0
bd-P-tjs_sI,2022-01-04,129.0,0.0,941274.0,0.996086835861206,Sakshi,ram gopal varma,0,0,0,0,0,0,0,1,0,1,0,0,0,1
l3XjT6ogbv0,2023-03-08,237.0,43.0,23083.0,-0.9984022974967957,Sakshi,ram gopal varma,0,1,0,1,1,0,0,0,0,0,0,0,0,0
kWPQZ4rlE8A,2023-02-24,301.0,210.0,122239.0,-0.987321138381958,TV9,ram gopal varma,0,0,0,0,0,0,1,0,0,0,0,0,0,0
PlilqosM37s,2023-04-14,203.0,21.0,13195.0,-0.9987254738807678,TV9,ram gopal varma,0,0,0,0,0,0,0,0,0,0,0,0,0,0
TrOPjCuRVk4,2023-01-15,79.0,55.0,45817.0,0.9978981018066406,TV9,ram gopal varma,0,1,0,0,0,0,0,0,0,0,0,0,0,0
Id39UlUvKUU,2022-11-25,208.0,0.0,58301.0,-0.996977686882019,TV9,ram gopal varma,0,0,0,0,0,0,0,0,0,0,0,0,0,0
Tl5GQGLo61c,2023-03-13,56.0,0.0,10381.0,-0.9931817650794984,TV9,ram gopal varma,0,0,0,0,0,0,0,0,0,0,0,1,0,0
n_KxFDik0GI,2022-08-29,277.0,27.0,6454.0,-0.9944104552268982,TV5,ram gopal varma,0,0,0,0,0,0,0,0,0,0,0,0,0,0
I-n6LNq5Wuo,2023-01-15,65.0,2.0,1847.0,-0.9976435303688048,ABN,ram gopal varma,0,0,0,0,0,0,0,0,0,0,0,0,0,0
OTBHyjHnw2I,2023-02-23,196.0,7.0,1264.0,0.9727817177772522,ABN,ram gopal varma,0,0,0,0,0,0,0,0,0,0,1,0,0,0
Jhkv5r4LAW8,2020-03-10,331.0,127.0,62211.0,-0.9973238706588744,Sakshi,ram gopal varma,0,0,0,0,0,0,0,0,0,0,0,0,0,0
xFLJJalYyTA,2021-02-17,180.0,0.0,2723.0,0.9986616373062134,Sakshi,ram gopal varma,0,0,0,0,0,0,0,0,0,0,0,0,0,0
K7lOZllEDfk,2023-02-24,300.0,12.0,14205.0,0.9889969825744628,TV9,ram gopal varma,0,0,0,0,0,0,0,0,0,0,0,0,0,0
6ZvumiOod9g,2022-09-12,200.0,2.0,7185.0,0.9969176054000854,TV5,ram gopal varma,0,0,0,0,0,0,0,0,0,0,0,0,0,0
JZR0VBihCYc,2023-03-31,266.0,1.0,942.0,0.995534896850586,TV9,ram gopal varma,0,1,1,0,1,1,0,0,0,1,1,0,1,0
rUa5HhcDH5w,2023-04-05,125.0,1.0,1427.0,0.9977287650108336,TV9,ram gopal varma,0,0,0,0,0,0,0,0,0,0,0,0,0,0
NAM49o3xNQ8,2023-01-07,274.0,7.0,7262.0,-0.9967904686927797,ABN,ram gopal varma,0,0,0,0,0,0,0,0,0,0,0,0,0,0
-id3-nximx8,2023-03-26,324.0,13.0,12219.0,-0.9968292117118835,TV9,ram gopal varma,0,0,0,0,1,0,0,0,0,0,0,0,0,0
YF480odk65E,2022-10-29,214.0,281.0,91500.0,-0.9987730383872986,Sakshi,ram gopal varma,0,0,0,0,0,0,0,0,0,0,0,0,0,0
SO2Y6lBUYDA,2022-09-14,70.0,0.0,828.0,-0.99519944190979,TV5,ram gopal varma,0,0,0,0,0,0,0,0,0,0,0,0,0,0
Aa_cqoRa73k,2022-12-06,345.0,0.0,2668.0,-0.9969273209571838,ABN,ram gopal varma,0,0,0,0,0,0,0,0,0,0,0,0,0,0
htJLoTevw48,2023-03-24,185.0,7.0,776.0,-0.9981405735015868,ABN,ram gopal varma,0,1,0,0,0,0,0,0,0,0,0,0,1,0
bwPI6Cws5kw,2023-04-18,77.0,0.0,544.0,0.9985365867614746,TV9,ram gopal varma,0,0,0,0,0,0,0,0,0,0,0,0,0,0
0tS07kloNr0,2022-12-26,133.0,1.0,3897.0,0.9963313937187196,TV9,ram gopal varma,0,0,0,0,0,0,0,0,0,0,0,0,0,0
8mpHD7y4i9E,2023-01-06,155.0,2.0,1997.0,0.9956824779510498,TV5,ram gopal varma,1,1,0,0,1,0,0,0,0,0,0,0,0,0
t_lPzAk56SM,2021-02-20,213.0,0.0,2274.0,0.998498558998108,Sakshi,ram gopal varma,0,0,0,0,0,0,0,0,0,0,0,0,0,0
TLX0-q9mKcQ,2022-12-01,231.0,2.0,22348.0,-0.9966452717781068,TV9,ram gopal varma,0,1,1,0,0,0,0,0,0,0,0,0,0,0
R-L7porezWU,2023-03-11,266.0,7.0,1009.0,-0.9978339076042176,TV9,ram gopal varma,0,0,0,0,0,0,0,0,0,0,0,0,0,0
s2w9_UIVTec,2023-03-30,345.0,1.0,859.0,0.9928387999534608,TV9,ram gopal varma,0,0,0,0,0,0,0,0,0,0,0,0,0,0
DF0Cc-bkyv0,2023-02-12,316.0,34.0,48267.0,0.9969791173934937,TV5,ram gopal varma,0,0,0,0,0,0,0,0,0,0,0,0,0,0
12Y2i5kfIk8,2022-09-01,279.0,4.0,3053.0,-0.9944551587104796,Sakshi,ram gopal varma,0,0,0,0,0,0,0,0,0,0,0,0,0,0
LzU_NUVuoFA,2023-02-24,130.0,12.0,12202.0,-0.9965233206748962,TV9,ram gopal varma,0,0,0,0,0,0,0,0,0,0,0,0,0,0
E0HzgKdXbyI,2022-10-03,595.0,0.0,1039.0,0.998230278491974,TV5,ram gopal varma,0,0,0,0,0,0,0,0,0,0,0,0,0,0
my27VKpC8GM,2023-04-18,301.0,0.0,2359.0,-0.9894830584526062,TV9,ram gopal varma,0,0,0,0,0,0,0,0,0,0,0,0,0,0
fkLFm2cj7ck,2023-03-26,70.0,1.0,2743.0,-0.997660517692566,TV9,ram gopal varma,0,0,0,0,0,0,0,0,0,0,0,0,0,0
snqf9RzsQKs,2023-04-09,263.0,1.0,3664.0,-0.9994114637374878,TV9,ram gopal varma,0,0,0,0,0,0,0,0,0,0,0,0,0,0
QjpyxzjLe_s,2023-03-21,136.0,28.0,5852.0,0.9952978491783142,Sakshi,ram gopal varma,0,0,0,0,0,0,0,1,0,0,0,0,0,0
cbacQ77spio,2023-03-13,219.0,11.0,29839.0,-0.9994353652000428,ABN,ram gopal varma,0,0,0,0,0,0,0,0,0,0,0,0,0,0
TDsMzGOO7QA,2022-12-20,204.0,18.0,21626.0,-0.993137001991272,TV9,ram gopal varma,0,0,0,0,1,0,1,0,0,1,0,0,0,0
m1XBnBF8ghU,2023-01-06,215.0,2.0,1008.0,0.9975237250328064,TV5,ram gopal varma,1,1,0,1,1,0,1,0,0,0,0,0,0,0
AZIc9f6HBhY,2021-02-15,186.0,0.0,1664.0,0.9921661615371704,Sakshi,ram gopal varma,0,0,0,0,0,0,0,0,0,0,0,0,0,0
_uZVYBj11xA,2022-10-28,130.0,9.0,1839.0,-0.9989235997200012,TV5,ram gopal varma,0,0,0,0,0,0,0,0,0,0,0,0,0,0
wCwpGeSRuWg,2023-02-28,134.0,1.0,251.0,-0.99650239944458,ABN,ram gopal varma,0,0,0,1,1,0,0,0,0,0,0,0,0,0
qchdj2YqKvY,2021-02-15,191.0,0.0,2025.0,0.9966338276863098,Sakshi,ram gopal varma,0,0,0,1,0,0,0,0,0,0,0,0,0,0
dVZTQdQbeOA,2023-04-21,301.0,7.0,14174.0,0.9863329529762268,ABN,ram gopal varma,0,0,0,0,0,0,0,0,0,0,0,0,0,0
5saaVDuDINM,2022-12-20,288.0,2.0,2468.0,0.9768590331077576,TV9,ram gopal varma,0,0,0,0,0,0,0,0,0,0,0,0,0,0
g4mbmywWF4Y,2023-03-22,252.0,4.0,3192.0,0.9973052740097046,TV9,ram gopal varma,0,0,0,0,0,0,0,0,0,0,0,0,0,0
qnSxllO1SQE,2019-12-26,143.0,0.0,452.0,0.9781021475791932,Sakshi,ram gopal varma,0,0,0,0,0,0,0,0,0,0,0,0,0,0
IK1OMpEMgbs,2022-11-21,220.0,37.0,10140.0,-0.9984514713287354,TV5,ram gopal varma,0,0,0,0,0,0,0,0,0,0,0,0,0,0
JE8zz-8CMjw,2022-10-13,221.0,1.0,1127.0,-0.998136043548584,TV5,ram gopal varma,0,0,0,0,0,0,0,0,0,0,0,0,0,0
S9npJYigyW0,2022-11-27,68.0,0.0,1156.0,-0.9908213019371032,TV9,ram gopal varma,0,0,0,0,0,0,0,0,0,0,0,0,0,0
AUASo7W9bw8,2023-04-10,250.0,0.0,943.0,-0.9962784647941588,ABN,ram gopal varma,0,0,0,0,0,0,0,0,0,0,0,0,0,0
tmULZ0eJxvg,2022-10-29,280.0,168.0,56360.0,0.9850864410400392,TV5,ram gopal varma,0,0,0,0,0,0,0,0,0,0,0,0,0,0
kC_v-fIqJLE,2022-11-21,188.0,2.0,12016.0,0.994716227054596,TV9,ram gopal varma,0,0,0,0,0,0,0,0,0,0,0,0,0,0
CVb_u6J0Mzc,2021-02-13,209.0,0.0,3128.0,0.9985673427581788,Sakshi,ram gopal varma,0,0,0,0,0,0,0,0,0,0,0,0,0,0
l3OPAZoN4h4,2023-04-02,154.0,3.0,1175.0,-0.9982131719589232,TV5,ram gopal varma,0,0,0,0,0,0,0,0,0,0,0,0,0,0
dUM2QL4G4tA,2023-03-08,226.0,0.0,46766.0,-0.9899062514305116,TV9,ram gopal varma,0,0,0,0,0,0,0,0,0,0,0,0,0,0
Em3u_uZU5ls,2023-01-09,345.0,67.0,25025.0,-0.9990999698638916,TV9,ram gopal varma,1,1,0,1,1,0,1,0,0,0,0,0,0,0
wnlj5OWcGsE,2023-02-22,87.0,2.0,7830.0,0.99704247713089,ABN,ram gopal varma,0,0,0,0,0,0,0,0,0,0,0,0,0,0
xG9Q9g5mmF4,2022-12-09,245.0,4.0,2185.0,-0.9947564601898192,ABN,ram gopal varma,0,0,0,0,0,0,0,0,0,0,0,1,0,0
7dmqPX8jjGE,2022-09-12,101.0,4.0,1967.0,-0.991845428943634,TV5,ram gopal varma,0,0,0,0,0,0,0,0,0,0,0,0,0,0
s7x19QPQZc0,2023-03-12,264.0,0.0,586.0,0.9973426461219788,TV9,ram gopal varma,0,0,0,0,0,0,0,0,0,0,0,0,0,0
ruLx3qIXJ1k,2022-10-28,280.0,8.0,2519.0,-0.997811496257782,TV5,ram gopal varma,0,0,0,0,0,0,0,0,0,0,0,1,0,0
4bN3SfpsQwk,2022-10-22,317.0,2.0,739.0,0.9960745573043824,TV5,ram gopal varma,0,0,0,0,0,0,0,0,0,0,0,0,0,0
Eqsp8MEc9fo,2022-10-12,316.0,42.0,15494.0,0.998273491859436,TV5,ram gopal varma,0,0,0,0,0,0,0,0,0,0,0,0,0,0
lbgMC-9IoNs,2022-01-12,109.0,28.0,18497.0,0.9969512224197388,Sakshi,ram gopal varma,1,0,0,0,0,0,0,0,0,0,0,0,0,0
dtULw7y_7O8,2023-03-01,211.0,0.0,338.0,-0.9970839619636536,TV5,ram gopal varma,0,0,0,0,0,0,0,0,0,0,0,0,1,1
OPNncPL5-Po,2023-02-14,299.0,3.0,3051.0,-0.997239112854004,ABN,ram gopal varma,0,0,0,0,0,0,0,0,0,0,0,0,0,0
oEzxh6HajwQ,2022-07-15,92.0,39.0,37157.0,0.9983589053153992,Sakshi,ram gopal varma,0,0,0,0,0,0,0,0,0,0,0,0,0,0
DR5EMqmZQ3A,2022-10-29,42897.0,22.0,72446.0,0.9983689188957214,TV5,ram gopal varma,0,0,0,0,0,0,0,0,0,0,0,0,0,0
Nkep4oy7POI,2023-01-31,345.0,51.0,71559.0,-0.9976654052734376,ABN,ram gopal varma,0,0,0,0,0,0,0,1,0,0,0,0,1,0
DeRbXhANkFo,2022-10-28,360.0,137.0,47923.0,0.995741605758667,TV5,ram gopal varma,0,0,0,0,0,0,0,0,0,0,0,1,0,0
5LCVG0wHtys,2023-01-16,272.0,72.0,49671.0,0.9528266787528992,TV9,ram gopal varma,0,0,0,0,0,0,0,0,0,0,0,0,0,0
MrwwA2YlzeI,2023-04-10,206.0,5.0,1215.0,-0.9953100085258484,TV5,ram gopal varma,0,0,0,0,0,0,0,0,0,0,0,0,0,0
rZWhOuXjhpU,2023-03-01,124.0,2.0,510.0,-0.9987362027168274,ABN,ram gopal varma,0,0,0,0,0,0,0,0,0,0,0,0,0,0
HJSrhDMConk,2022-01-06,122.0,353.0,98867.0,-0.9917978048324584,Sakshi,ram gopal varma,0,0,0,0,0,0,0,0,0,0,0,0,0,0
LkyDLEH1QxE,2023-03-30,271.0,4.0,2970.0,-0.998319447040558,TV9,ram gopal varma,0,0,0,0,0,0,0,0,0,0,0,0,0,1
TVbvJgx1zxo,2022-10-29,131.0,7.0,8183.0,-0.9970122575759888,TV5,ram gopal varma,0,0,0,0,0,0,0,0,0,0,0,0,0,1
Cux-FEaUjTs,2022-11-02,361.0,0.0,6012.0,0.9750280380249025,ABN,ram gopal varma,0,0,0,0,0,0,0,0,0,0,0,0,0,0
EK7Gb4umB5c,2023-04-07,34.0,0.0,619.0,-0.9911990761756896,TV9,ram gopal varma,0,0,0,0,0,0,0,0,0,0,0,0,0,0
WJagTN7HPhA,2022-10-29,280.0,51.0,18440.0,-0.9992712140083312,TV5,ram gopal varma,0,0,0,0,0,0,0,0,0,0,0,0,0,0
ioxgRhswDg8,2022-10-29,85.0,3.0,2667.0,-0.993630826473236,TV5,ram gopal varma,0,0,0,0,0,0,0,0,0,0,0,0,0,0
DMSeH6svQXQ,2023-02-24,27.0,47.0,162766.0,0.9966778755187988,TV9,ram gopal varma,0,0,0,0,0,0,0,0,0,0,0,0,0,0
2im6AMOucwQ,2022-11-27,215.0,77.0,20119.0,0.9959983825683594,ABN,ram gopal varma,0,0,0,0,0,0,0,0,0,0,0,0,0,0
XCkWpFSp86A,2022-10-06,295.0,1.0,1635.0,-0.99361914396286,TV5,ram gopal varma,0,0,0,0,0,0,0,0,0,0,0,0,0,0
elmYSIzrIiw,2022-09-12,200.0,4.0,2562.0,0.9968992471694946,TV5,ram gopal varma,0,0,0,0,0,0,0,0,0,0,0,0,0,0
eLmAv9oUSH0,2022-12-05,202.0,0.0,2530.0,0.9976851940155028,TV9,ram gopal varma,0,0,0,0,0,0,0,0,0,0,0,0,0,0
nV-uX304qrk,2023-04-03,155.0,0.0,1137.0,-0.9976242184638976,TV9,ram gopal varma,0,0,0,0,0,0,0,0,0,0,0,0,0,0
PAepEeLSKkc,2022-12-03,21.0,0.0,782.0,-0.9961863160133362,TV9,ram gopal varma,0,0,0,0,0,0,0,0,0,0,0,0,0,0
QDMSrxeaSrA,2023-03-14,203.0,5.0,4257.0,0.9959235191345216,TV9,ram gopal varma,0,0,0,0,0,0,0,0,0,0,0,0,0,0
2rRoRadEihM,2022-09-19,265.0,1.0,2550.0,-0.992180585861206,TV5,ram gopal varma,0,0,0,0,0,0,0,0,0,0,0,0,0,0
GTdm7LoxPTY,2022-01-10,100.0,141.0,83972.0,-0.9987757802009584,Sakshi,ram gopal varma,0,0,0,0,0,0,0,0,0,0,0,0,0,0
myxLlJ8vRW0,2021-02-16,200.0,0.0,1474.0,0.9917044639587402,Sakshi,ram gopal varma,1,1,0,1,0,0,0,0,0,0,0,0,0,0
ynzwjLWEasE,2023-03-12,293.0,6.0,2329.0,0.9982945322990416,Sakshi,ram gopal varma,0,0,0,0,0,0,0,0,0,0,0,0,0,0
d6I5jQQraV0,2023-04-14,61.0,0.0,1169.0,-0.941166877746582,TV9,ram gopal varma,0,0,0,0,0,0,0,0,0,0,0,0,0,0
lb71hl178VY,2023-04-16,213.0,18.0,38212.0,-0.9962504506111144,ABN,ram gopal varma,0,0,0,0,0,0,0,0,0,0,0,0,0,0
E3dOoTHcFtA,2022-08-21,181.0,1.0,760.0,-0.9983596205711364,TV5,ram gopal varma,0,0,0,0,0,0,0,0,0,0,0,0,0,0
H43LZBe0iIc,2022-12-23,209.0,12.0,127954.0,0.9782228469848632,TV9,ram gopal varma,0,0,0,0,0,0,0,0,0,0,0,0,0,0
w7mfi4wnqx4,2023-04-15,280.0,15.0,12419.0,0.988523006439209,ABN,ram gopal varma,0,0,0,0,0,0,0,0,0,0,0,0,0,0
mWZlzE6_vyk,2023-02-18,268.0,0.0,591.0,0.996601700782776,ABN,ram gopal varma,0,0,0,0,0,0,0,0,0,0,0,0,0,0
qg6rJbyUOM0,2022-11-19,178.0,0.0,553.0,-0.9881261587142944,ABN,ram gopal varma,0,0,0,0,0,0,0,0,1,0,0,0,0,0
vh-VSkMHsXo,2023-02-24,299.0,192.0,112474.0,0.9945449829101562,TV9,ram gopal varma,0,0,0,0,0,0,1,0,0,0,0,0,0,0
nl16wABmJY8,2023-03-09,193.0,0.0,699.0,0.9987568855285645,TV5,ram gopal varma,0,0,0,0,0,0,0,0,0,0,0,0,1,0
RIBMjw94NfE,2019-12-20,284.0,2.0,2154.0,0.9982081651687622,Sakshi,ram gopal varma,0,0,0,0,0,0,0,0,0,0,0,0,0,0
O_NiBkx175U,2022-09-28,146.0,3.0,581.0,-0.9979678988456726,TV5,ram gopal varma,0,0,0,0,0,0,0,0,0,0,0,0,0,0
3_09BPW99Aw,2021-02-18,240.0,9.0,18811.0,-0.997835338115692,Sakshi,ram gopal varma,0,1,0,0,0,0,0,0,0,0,0,0,0,0
pux2Wv_kH_4,2022-12-06,230.0,1.0,1331.0,0.9970802664756776,ABN,ram gopal varma,0,0,0,0,0,0,0,0,0,0,0,0,0,0
BIAMSl1S16o,2023-01-09,170.0,33.0,8946.0,-0.9984642267227172,ABN,ram gopal varma,0,0,0,0,0,0,0,0,0,0,0,0,0,0
hJDNyx6k2sc,2022-01-12,232.0,27.0,17093.0,0.9978193044662476,Sakshi,ram gopal varma,0,0,0,0,0,0,0,0,0,0,0,0,0,0
YHWj5S4m5wQ,2023-03-20,230.0,2.0,4777.0,-0.9993292093276978,ABN,ram gopal varma,0,0,0,0,0,0,0,0,0,0,0,0,0,0
nxdLE9ME1lg,2023-04-09,61.0,1.0,623.0,0.998243808746338,TV9,ram gopal varma,0,0,0,0,0,0,0,0,0,0,0,0,0,0
nfOQ1piNNJA,2023-02-20,97.0,17.0,87489.0,0.9965257048606871,TV5,ram gopal varma,0,0,0,0,0,0,0,0,0,0,0,0,0,0
zCHU6rhQKGc,2022-01-10,268.0,87.0,77106.0,-0.9900150299072266,Sakshi,ram gopal varma,0,0,0,0,0,0,0,0,0,0,0,0,0,0
qjJq5YQzjCA,2023-01-12,127.0,1.0,1619.0,-0.994085431098938,ABN,ram gopal varma,0,0,0,0,0,0,0,0,0,0,0,0,0,0
gCwQ_EuvfOk,2023-04-13,295.0,29.0,58862.0,-0.9977320432662964,ABN,ram gopal varma,0,0,0,0,0,0,0,0,0,0,0,0,0,0
TGXs4AHKOc4,2022-10-12,61.0,3.0,1453.0,-0.9874700903892516,ABN,ram gopal varma,0,0,0,0,1,0,0,0,0,0,0,0,0,0
q3QLjUi4nl4,2023-03-19,99.0,0.0,827.0,-0.9949177503585817,TV5,ram gopal varma,0,0,0,0,0,0,0,0,1,0,0,0,0,0
PTDkqS1pDfg,2022-10-13,328.0,0.0,2922.0,-0.9941108822822572,TV5,ram gopal varma,0,0,0,0,0,0,0,0,0,0,0,0,0,0
sOakynSTKfY,2023-04-08,43.0,1.0,14180.0,0.9905479550361632,TV9,ram gopal varma,0,0,0,0,0,0,0,0,0,0,0,0,0,0
1dN7bmpqeys,2023-02-27,57.0,24.0,13353.0,-0.998501181602478,Sakshi,ram gopal varma,0,0,0,0,0,0,0,0,0,0,0,0,0,0
AXci19zAVSs,2023-03-17,275.0,0.0,391.0,0.996188461780548,ABN,ram gopal varma,0,0,0,0,0,0,0,0,0,0,0,0,0,0
0DL1hPQok1g,2023-03-14,213.0,0.0,399.0,-0.9928529858589172,TV5,ram gopal varma,0,0,0,0,0,0,0,0,0,0,0,0,0,0
abII0AUKpFY,2023-01-09,195.0,2.0,1722.0,-0.9982143640518188,ABN,ram gopal varma,0,1,0,0,0,0,0,0,0,0,1,0,0,0
MjUKznUB7Uw,2023-01-10,270.0,8.0,3036.0,-0.998596727848053,TV9,ram gopal varma,0,0,0,0,0,0,0,0,1,0,0,0,0,0
r1vG0ta9Pzk,2022-10-17,51.0,0.0,4737.0,0.9987277388572692,ABN,ram gopal varma,0,0,0,0,0,0,0,0,0,0,0,0,0,0
5NperA4q2x0,2023-02-27,57.0,82.0,67075.0,0.9974378347396852,Sakshi,ram gopal varma,0,0,0,0,1,0,0,0,0,0,0,0,0,0
5C4Q7rfsdso,2023-01-15,94.0,145.0,91923.0,-0.9977943897247314,TV9,ram gopal varma,0,0,0,0,0,0,1,0,0,0,0,0,0,0
B8geduKvNpM,2023-03-17,150.0,4.0,1652.0,-0.985108196735382,ABN,ram gopal varma,0,0,0,0,0,0,0,0,0,0,0,0,0,0
uk4F2GUtz_E,2022-12-04,90.0,0.0,562.0,0.997399926185608,TV9,ram gopal varma,0,0,0,0,0,0,0,0,0,0,0,0,0,0
giTKVK4qNQo,2023-04-05,272.0,0.0,781.0,0.997102916240692,ABN,ram gopal varma,0,0,0,0,0,0,0,0,0,0,0,0,0,0
Q5SvG95sOgs,2022-08-22,319.0,3.0,6016.0,0.9971815347671508,TV5,ram gopal varma,0,0,0,0,0,0,0,0,0,0,0,1,0,1
RltSTYW6WYw,2023-02-24,160.0,2.0,3101.0,0.9916529059410096,TV9,ram gopal varma,0,0,0,0,0,0,0,0,0,0,0,0,0,0
mjKoeiNPMmY,2021-02-17,228.0,1.0,4760.0,0.991859257221222,Sakshi,ram gopal varma,0,0,0,0,0,0,0,0,0,0,0,0,0,0
B14F4Qv4Rmc,2021-02-16,293.0,0.0,943.0,-0.9896355271339417,Sakshi,ram gopal varma,0,0,0,0,0,1,0,0,0,0,0,0,0,1
xb6fj4tQaVw,2023-03-23,244.0,56.0,139115.0,-0.9850178360939026,TV5,ram gopal varma,0,0,0,0,0,0,0,0,0,0,0,0,0,0
MC6Cn6ulrPM,2022-11-10,413.0,3.0,5353.0,0.9984056353569032,TV5,ram gopal varma,0,0,0,0,0,0,0,0,0,0,0,0,0,0
rIMr9hxtIY8,2023-01-21,154.0,0.0,893.0,-0.9982473850250244,ABN,ram gopal varma,0,0,0,0,0,0,0,0,0,0,0,0,0,0
Zt2DpVy5EHw,2022-11-13,180.0,1.0,3354.0,-0.9975892305374146,TV5,ram gopal varma,0,0,0,0,0,0,0,0,0,0,0,0,0,0
tmhL95YDz64,2022-09-13,75.0,0.0,520.0,0.992838442325592,TV5,ram gopal varma,0,0,0,0,0,0,0,0,0,0,0,0,0,0
I5__sFcrmLU,2023-03-28,199.0,0.0,314.0,-0.9957857728004456,ABN,ram gopal varma,0,0,0,0,0,0,0,0,0,0,0,0,0,0
4pvJEmUaHr4,2022-10-23,245.0,0.0,734.0,0.9988057613372804,ABN,ram gopal varma,0,0,0,0,0,0,0,0,0,0,0,0,0,0
lV0qWG2oWe4,2022-12-08,202.0,6.0,6132.0,0.9947956204414368,TV9,ram gopal varma,0,0,0,0,0,0,0,0,0,0,0,0,0,0
6A1SGttVSh0,2023-03-28,279.0,6.0,3324.0,-0.9994801878929138,TV9,ram gopal varma,0,0,0,0,0,0,0,0,0,0,0,0,0,0
yQDCfNXZ9tk,2023-02-02,75.0,1.0,482.0,0.9987086057662964,ABN,ram gopal varma,0,0,0,0,0,0,0,0,0,0,0,0,0,0
2Z7T9Xq-Bks,2023-03-13,40.0,253.0,283425.0,0.9988480806350708,TV9,ram gopal varma,0,0,0,0,0,0,0,0,0,0,0,0,0,0
ly-CnDcNqj8,2023-01-11,232.0,1.0,1737.0,-0.9896592497825624,TV9,ram gopal varma,0,0,0,0,0,0,0,0,0,0,0,0,0,0
q7qMkCmmLDk,2023-02-24,186.0,353.0,190468.0,-0.9994102716445924,TV9,ram gopal varma,0,0,0,0,0,0,0,0,0,0,0,0,0,0
yPWL7uznFPw,2023-01-15,124.0,6.0,6992.0,0.9947885274887084,TV9,ram gopal varma,0,0,0,0,0,0,0,0,0,0,0,0,0,0
hNVTN2q5vXY,2023-03-18,165.0,12.0,33787.0,-0.9937769174575806,TV5,ram gopal varma,0,0,0,0,0,0,0,0,0,0,1,0,0,0
rhS81xN5aBU,2023-02-10,32.0,1.0,6448.0,0.9960837364196776,TV9,ram gopal varma,0,0,0,0,0,0,0,0,0,0,0,0,0,0
EnSZDLQvkhs,2023-03-18,118.0,0.0,1025.0,-0.996484875679016,TV9,ram gopal varma,0,0,0,0,0,0,0,0,0,0,0,0,0,0
9zUnC_cziNU,2022-11-27,4695.0,0.0,47208.0,-0.996455192565918,TV9,ram gopal varma,0,0,0,0,0,0,0,0,0,0,0,0,0,0
k6xdr5QJUUI,2023-02-24,212.0,140.0,71212.0,0.9872904419898988,TV9,ram gopal varma,0,0,0,0,0,0,0,0,0,0,0,0,0,0
5-YcVgBDD9I,2022-11-14,235.0,0.0,4754.0,-0.9947226047515868,ABN,ram gopal varma,0,0,0,0,0,0,0,1,0,0,0,0,0,0
Vv_vn5KPtbM,2023-03-23,342.0,1.0,1487.0,0.9967772364616394,TV9,ram gopal varma,0,0,0,0,0,0,0,0,0,0,0,0,0,0
EFPjK8Dn3b4,2023-04-18,321.0,24.0,45912.0,0.9623546600341796,TV9,ram gopal varma,0,0,0,0,0,0,1,0,0,0,0,0,0,0
Hjv_deoWzWo,2023-01-18,327.0,12.0,5819.0,0.9977787137031556,TV9,ram gopal varma,0,0,0,0,0,0,0,0,0,0,0,0,0,0
KR3LgToYwUQ,2023-04-03,225.0,12.0,12075.0,0.9766501188278198,ABN,ram gopal varma,0,0,0,0,0,0,0,0,0,0,0,0,0,0
XQwKak4EBWs,2023-03-18,207.0,11.0,57793.0,-0.994106650352478,TV9,ram gopal varma,0,0,0,0,0,0,0,0,0,0,0,0,0,0
g__FYHI6QcE,2022-10-29,145.0,6.0,2475.0,0.9952566027641296,TV5,ram gopal varma,0,0,0,0,0,0,0,0,0,0,0,0,0,0
sIA32UaxlUc,2022-10-14,199.0,2.0,2064.0,-0.996513307094574,ABN,ram gopal varma,0,0,0,0,0,0,0,0,0,0,0,0,0,0
DEv954uCgH0,2022-12-08,259.0,0.0,3309.0,0.9982838034629822,TV9,ram gopal varma,0,0,0,0,0,0,0,0,0,0,0,0,0,0
0LOcHpFcQ2k,2022-09-27,170.0,0.0,2217.0,-0.9987975358963012,TV5,ram gopal varma,0,0,0,0,0,0,0,0,0,0,0,0,0,0
ZMPa8e4_OUE,2022-01-10,43.0,39.0,49409.0,-0.9768381118774414,Sakshi,ram gopal varma,0,0,0,0,0,0,0,0,0,0,0,0,0,0
UzRUGSBDTd0,2023-02-24,262.0,16.0,11473.0,-0.9981558918952942,TV9,ram gopal varma,0,0,0,0,0,0,0,0,0,0,0,0,0,0
zAcSH9S0uOs,2021-02-13,191.0,5.0,4936.0,0.995061457157135,Sakshi,ram gopal varma,0,0,0,0,0,0,0,0,0,0,0,0,1,0
oLNkJBZKMsY,2023-03-22,279.0,21.0,3001.0,-0.9925423860549928,TV9,ram gopal varma,0,0,0,0,0,0,0,0,1,0,0,0,0,0
JCbEdubwiFE,2022-10-08,329.0,53.0,22829.0,0.9727538228034972,TV5,ram gopal varma,0,1,1,0,0,0,0,1,0,0,0,0,0,0
6mwvYF8HB0c,2023-03-21,35.0,2.0,688.0,-0.658758282661438,TV9,ram gopal varma,0,0,0,0,0,0,0,0,0,0,0,0,0,0
VdyzOsvRfpk,2023-03-29,303.0,68.0,40450.0,-0.9964680671691896,Sakshi,ram gopal varma,0,0,0,0,0,0,0,0,0,0,0,0,0,0
ttOm9Kmz_D0,2023-01-21,100.0,1.0,1319.0,0.9811764359474182,TV9,ram gopal varma,0,0,0,0,0,0,0,0,0,0,0,0,0,0
Rfe9I-WEvR4,2023-02-24,154.0,2.0,7774.0,0.9932624697685242,TV9,ram gopal varma,0,0,0,0,0,0,0,0,0,0,0,0,0,0
Rj6_78gIRsY,2022-10-07,329.0,8.0,3053.0,-0.9979896545410156,TV5,ram gopal varma,0,0,0,0,0,0,0,0,0,0,0,0,0,0
-9gBC0W_SgY,2022-09-09,127.0,1.0,963.0,-0.9994876384735109,TV5,ram gopal varma,0,0,0,0,0,0,0,0,0,0,0,0,0,0
urDvcV6hVUQ,2022-10-26,417.0,2.0,1534.0,-0.9911415576934814,TV5,ram gopal varma,0,0,0,0,0,0,0,0,0,0,0,0,0,0
w3JiAZgqKU4,2023-03-13,131.0,0.0,3115.0,0.9983201622962952,TV5,ram gopal varma,0,0,0,0,0,0,0,0,0,0,0,0,0,0
xbACCC8YT0Y,2022-09-11,100.0,0.0,1469.0,0.9958680868148804,TV5,ram gopal varma,0,0,0,0,0,0,0,0,0,0,0,0,0,0
IPMpwAH97ME,2023-02-24,349.0,0.0,904.0,-0.9928340911865234,ABN,ram gopal varma,0,0,0,0,0,0,0,0,0,0,0,0,0,0
vAYBTB5NBb0,2023-01-26,169.0,0.0,1396.0,0.9969807267189026,TV9,ram gopal varma,0,0,0,0,0,0,0,0,0,0,0,0,0,0
gaGtzE34u24,2023-03-18,269.0,4.0,3412.0,0.9984285235404968,TV9,ram gopal varma,0,0,0,0,0,0,0,0,0,0,0,0,0,0
7WmmHKz-zqo,2022-10-27,204.0,17.0,1502.0,-0.9965248703956604,ABN,ram gopal varma,0,0,0,0,0,0,0,0,0,0,0,0,0,0
6okWxQiJmNU,2023-03-21,125.0,1.0,1166.0,-0.9988993406295776,ABN,ram gopal varma,0,0,0,0,0,0,0,0,0,0,0,0,0,0
udV1Ay7hZf8,2023-03-16,98.0,0.0,1092.0,-0.99334055185318,TV9,ram gopal varma,0,0,0,0,0,0,0,0,0,0,0,0,0,0
3CCO9I41cFQ,2022-09-13,237.0,2.0,1660.0,-0.9986322522163392,TV5,ram gopal varma,0,0,0,0,0,0,0,0,0,0,0,0,0,0
EI7FgSXdw0w,2022-09-21,320.0,472.0,254667.0,0.9943256974220276,TV5,ram gopal varma,0,0,0,0,0,0,0,0,0,0,0,0,0,0
MbfGDVTfMz0,2023-02-24,67.0,44.0,9470.0,-0.9986087679862976,TV9,ram gopal varma,0,0,0,0,0,0,0,0,0,0,0,0,0,0
grIW3b4PzEE,2021-02-20,225.0,0.0,1253.0,0.9968423843383788,Sakshi,ram gopal varma,0,0,0,1,0,0,0,0,0,0,0,0,0,0
QEkGRV_EScE,2022-11-21,254.0,0.0,2432.0,0.9861149787902832,TV5,ram gopal varma,0,0,0,0,0,0,0,0,0,0,0,0,0,0
P-iWVDfdJyg,2023-04-19,222.0,6.0,1050.0,-0.9993563294410706,TV9,ram gopal varma,0,0,0,0,0,0,0,0,0,0,0,0,0,0
o5nQDt3tYqw,2023-03-08,231.0,10.0,3016.0,-0.9973475933074952,Sakshi,ram gopal varma,0,0,0,0,1,0,0,0,0,0,0,0,0,0
CJ77aU3a-Qw,2023-01-01,234.0,0.0,778.0,0.9980886578559875,TV5,ram gopal varma,0,0,0,0,0,0,0,0,0,0,0,0,0,0
sxg6iLUdtPw,2023-02-24,263.0,319.0,178564.0,-0.9913803935050964,TV9,ram gopal varma,0,0,1,0,0,0,0,0,0,0,0,0,0,0
HRNbSXRFCik,2023-03-12,328.0,7.0,2941.0,0.9692771434783936,Sakshi,ram gopal varma,0,0,0,0,0,0,0,0,0,0,0,0,0,0
j6ITSw6CihM,2022-11-02,27.0,7.0,7977.0,0.990405261516571,ABN,ram gopal varma,0,0,0,0,0,0,0,0,0,0,0,0,0,0
x1LyU1onhrw,2021-02-17,140.0,0.0,2603.0,0.9985849857330322,Sakshi,ram gopal varma,0,0,0,0,0,0,0,0,0,0,0,0,0,0
kp3cB6ai3io,2023-02-16,257.0,2.0,2146.0,-0.9990864992141724,TV5,ram gopal varma,0,0,0,0,0,0,0,0,0,0,0,0,0,0
gBj3FLY0Mwk,2023-02-27,102.0,16.0,10793.0,-0.9910995364189148,Sakshi,ram gopal varma,0,1,0,0,0,0,0,0,0,0,0,0,0,0
mXFcfg0XDec,2022-12-02,326.0,0.0,408.0,0.9981822967529296,ABN,ram gopal varma,0,0,0,0,0,0,0,0,0,0,0,0,0,0
9bXkPPV2If8,2022-11-14,67.0,0.0,179.0,0.9985779523849488,ABN,ram gopal varma,0,0,0,0,0,0,0,0,0,0,0,0,0,0
nUsHkcrTGL0,2022-12-14,318.0,0.0,977.0,0.9968166947364808,TV9,ram gopal varma,0,0,0,0,0,0,0,0,0,0,0,0,0,0
T4na9pGzisc,2023-01-05,385.0,606.0,119968.0,-0.9931495785713196,Sakshi,ram gopal varma,0,0,0,0,0,0,0,0,0,0,0,0,0,0
aosavr75nQE,2022-11-14,294.0,55.0,31091.0,-0.9948278069496156,TV5,ram gopal varma,0,0,0,0,0,0,0,0,0,0,0,0,0,0
iTa-80X2-q8,2023-03-01,216.0,27.0,44349.0,-0.997787594795227,TV9,ram gopal varma,0,0,0,0,0,0,0,0,0,0,0,0,0,0
ZWMGAYWohKE,2023-02-28,363.0,2.0,1277.0,-0.9971377849578856,ABN,ram gopal varma,0,0,0,0,0,0,0,0,0,0,0,0,0,0
wyiJf1ncb1w,2023-03-08,233.0,44.0,13741.0,0.9981449842453004,Sakshi,ram gopal varma,0,1,0,1,0,0,0,0,0,0,0,0,0,0
FBgQ9pb9drU,2023-01-19,335.0,1.0,449.0,-0.995027482509613,ABN,ram gopal varma,0,0,0,0,0,0,0,0,0,0,0,0,0,0
VRzC5mm40IY,2023-02-24,281.0,13.0,14561.0,-0.997568666934967,TV9,ram gopal varma,0,0,0,0,0,0,0,0,0,0,0,0,0,0
c8xJ67fWp2s,2023-02-24,182.0,263.0,186540.0,-0.9978612065315248,ABN,ram gopal varma,0,0,0,0,0,0,0,0,0,0,0,0,0,0
PFJt8zQwsJA,2021-02-21,183.0,0.0,1249.0,0.998317003250122,Sakshi,ram gopal varma,0,1,0,1,0,0,0,0,1,0,0,0,0,1
UrqZCbJMIr0,2023-03-18,229.0,15.0,1790.0,-0.9983481168746948,TV5,ram gopal varma,0,0,0,0,0,0,0,0,0,0,0,0,0,0
Q2FPtpX-c9E,2023-03-01,289.0,207.0,73553.0,0.9732816219329834,Sakshi,ram gopal varma,1,1,0,1,1,0,0,0,0,0,0,0,0,0
wbGCw5WvGKg,2023-04-04,223.0,2.0,1202.0,-0.9976231455802916,ABN,ram gopal varma,0,0,0,0,0,0,0,0,0,0,0,0,0,0
2B9iOT1Hefc,2023-03-13,40.0,0.0,3236.0,0.9988161325454712,TV9,ram gopal varma,0,0,0,0,0,0,0,0,0,0,0,0,0,0
dDCMqNMZ_xg,2023-04-05,174.0,8.0,3771.0,0.9976874589920044,TV5,ram gopal varma,0,0,0,0,0,0,0,0,0,0,0,0,0,0
mb4kKJBT9r0,2022-12-02,190.0,5.0,2330.0,-0.9982016086578368,ABN,ram gopal varma,0,0,1,0,0,0,0,0,0,0,0,0,0,0
vnagNEsr3J8,2021-02-21,231.0,1.0,676.0,0.997171938419342,Sakshi,ram gopal varma,0,0,0,0,0,0,0,0,0,0,0,0,0,0
zb3mL5U8ypk,2022-10-13,133.0,0.0,434.0,0.997894823551178,TV5,ram gopal varma,0,0,0,0,0,0,0,0,0,0,0,0,0,0
kox9xsQfRBI,2022-11-22,87.0,8.0,1795.0,-0.9987635612487792,TV9,ram gopal varma,0,0,0,0,0,0,0,0,0,0,0,0,1,0
e36e7igrSDE,2022-11-01,188.0,0.0,2227.0,-0.9867141842842102,ABN,ram gopal varma,0,0,0,0,0,0,0,0,0,0,0,0,0,0
ckfhm-dis6I,2023-02-24,291.0,41.0,25747.0,-0.9993558526039124,TV9,ram gopal varma,0,0,0,0,0,0,1,0,0,0,0,0,0,0
fbtANNzzAew,2021-02-25,250.0,2.0,3890.0,0.9977091550827026,Sakshi,ram gopal varma,0,0,0,0,0,0,0,0,0,0,0,0,0,0
lYLV5-FurcU,2023-02-24,241.0,65.0,45870.0,-0.9987651109695436,TV9,ram gopal varma,0,0,0,0,0,0,0,0,0,0,0,0,0,0
2IuMSGmaWvo,2023-01-13,325.0,1.0,2377.0,0.9966378211975098,ABN,ram gopal varma,0,0,0,0,1,0,0,1,0,0,0,0,0,0
vyjEQqshDmc,2023-03-20,230.0,5.0,5991.0,0.9973063468933104,TV5,ram gopal varma,0,0,0,0,0,1,0,0,0,0,0,0,0,1
7YV7dp_UK1A,2021-02-16,187.0,0.0,716.0,0.9947258830070496,Sakshi,ram gopal varma,0,0,0,0,0,0,0,0,1,0,0,0,0,0
mrOMBrV2qj8,2023-03-15,171.0,47.0,11541.0,-0.9991051554679872,TV9,ram gopal varma,0,0,0,0,1,0,0,0,0,0,0,0,0,0
o0wgiSw0hCw,2023-04-14,276.0,0.0,565.0,0.9911091327667236,ABN,ram gopal varma,0,0,0,0,0,0,0,0,0,0,0,0,0,0
P3CkR5-2BnY,2022-01-11,188.0,583.0,243661.0,0.991845428943634,Sakshi,ram gopal varma,0,0,0,0,0,0,0,0,0,0,0,0,0,0
zAdgAB7fkqs,2023-03-19,73.0,0.0,16661.0,0.9805072546005248,TV9,ram gopal varma,0,0,0,0,0,0,0,0,0,0,0,0,0,0
PEazJ0zIHpY,2022-12-26,116.0,0.0,1483.0,-0.9953281879425048,TV9,ram gopal varma,0,0,0,0,0,0,0,0,0,0,0,0,0,0
jedtongb0TE,2023-03-23,175.0,2.0,2808.0,-0.9994379878044128,ABN,ram gopal varma,0,0,0,0,0,0,0,0,0,0,0,0,0,0
i795hB14PH4,2023-02-27,33.0,3.0,7042.0,-0.9877404570579528,Sakshi,ram gopal varma,0,0,0,0,1,0,0,0,0,0,0,0,0,0
WGJR6kqs6R0,2023-03-09,297.0,7.0,1749.0,-0.9984232187271118,TV9,ram gopal varma,0,0,0,0,0,0,0,0,0,0,0,0,0,0
o5JsuPVlQA0,2023-03-15,262.0,14.0,3396.0,-0.9977205395698548,ABN,ram gopal varma,0,0,0,0,0,0,0,0,0,0,0,0,0,0
WfCoz3km8lE,2023-01-07,171.0,2.0,798.0,-0.9964882135391236,TV9,ram gopal varma,0,0,0,0,0,0,0,0,0,0,0,0,0,0
T1UjkeEYrqM,2022-09-12,120.0,1.0,2206.0,-0.9976770281791688,TV5,ram gopal varma,0,0,0,0,0,0,0,0,0,0,0,0,0,0
xSIOrAOBjT8,2023-01-29,178.0,149.0,83753.0,-0.986563801765442,Sakshi,ram gopal varma,1,1,0,1,0,0,0,0,0,0,0,0,0,0
0dddbGxsqPY,2023-03-19,295.0,6.0,3252.0,-0.9814020991325378,TV9,ram gopal varma,0,0,0,0,0,0,0,0,0,0,0,0,0,0
QvJ02okZw-c,2022-11-25,201.0,5.0,1497.0,-0.998263657093048,ABN,ram gopal varma,0,0,0,0,0,0,0,0,0,0,0,0,0,0
8aPdeIQKppc,2023-03-31,277.0,0.0,677.0,-0.8419522047042847,TV9,ram gopal varma,0,0,0,0,0,0,0,0,0,0,0,0,0,0
a78uLVJLFbc,2023-03-08,301.0,21.0,9107.0,-0.966238796710968,Sakshi,ram gopal varma,0,1,1,1,1,0,0,0,0,0,0,0,0,0
HDH5lJiJYeU,2022-09-29,120.0,0.0,1360.0,-0.9954662322998048,TV5,ram gopal varma,0,0,0,0,0,0,0,0,0,0,0,0,0,0
TIRPPWBSu6g,2023-03-18,217.0,87.0,59735.0,-0.9979023933410645,TV9,ram gopal varma,0,0,0,0,1,0,0,0,0,0,0,0,0,0
mCz-3VIhk-k,2023-03-13,283.0,1.0,3289.0,-0.9967034459114076,ABN,ram gopal varma,0,0,0,0,0,0,0,0,0,0,0,0,0,0
U8ldfBc8jDM,2022-11-27,261.0,1.0,1735.0,-0.9992228746414183,ABN,ram gopal varma,0,0,0,0,0,0,0,0,0,0,0,0,0,0
a20e3Vcfqmk,2022-09-29,415.0,2.0,2096.0,0.9982365369796752,TV5,ram gopal varma,0,0,0,0,0,1,0,0,0,0,0,0,0,1
UFjBcN6XRgo,2023-02-27,31.0,10.0,9000.0,-0.9982865452766418,Sakshi,ram gopal varma,0,0,0,0,0,0,0,0,0,0,0,0,0,0
LxAI_atuwEw,2023-02-27,28.0,44.0,41144.0,0.9444246292114258,Sakshi,ram gopal varma,0,0,0,0,1,0,0,0,0,0,0,0,0,0
2pHA62D5VWc,2023-03-18,137.0,123.0,148009.0,0.998711347579956,TV9,ram gopal varma,0,0,0,0,0,0,0,0,0,0,0,0,0,0
TtNzJugxAJE,2023-01-09,280.0,24.0,7216.0,-0.9973689317703248,ABN,ram gopal varma,0,0,0,0,0,0,0,0,1,0,0,0,0,0
5eIswqLtDMg,2023-03-30,69.0,0.0,895.0,0.9984367489814758,TV9,ram gopal varma,0,0,0,0,0,0,0,0,0,0,0,0,0,0
DpEMDpSsNGg,2023-03-30,41.0,3.0,15132.0,-0.999450981616974,TV9,ram gopal varma,0,0,0,0,0,0,0,0,0,0,0,1,0,0
oE-_v1JqFxo,2023-03-07,100.0,0.0,403.0,0.9988563060760498,ABN,ram gopal varma,0,0,0,0,0,0,0,0,0,0,0,0,0,0
v_fd5e_kXDM,2022-10-14,205.0,0.0,756.0,-0.966456413269043,TV5,ram gopal varma,0,0,0,1,1,1,0,0,0,0,0,0,0,0
xB-d_dpDGoY,2023-03-17,330.0,39.0,66342.0,-0.995071828365326,ABN,ram gopal varma,0,0,0,0,0,0,0,0,0,0,0,0,0,0
G5ScWnTuhos,2020-03-06,89.0,37.0,20015.0,-0.9920560717582704,Sakshi,ram gopal varma,0,0,0,0,0,0,0,0,0,0,0,0,0,0
JG_fs16jxE0,2023-04-10,305.0,2.0,2095.0,-0.999387502670288,TV5,ram gopal varma,0,0,0,0,0,0,0,0,0,0,0,0,0,0
6l6z3YypCzo,2023-03-23,260.0,2.0,763.0,0.9979820251464844,ABN,ram gopal varma,0,0,0,0,0,0,0,0,0,0,0,0,0,0
9bS7cNda5YA,2023-01-25,140.0,3.0,1191.0,-0.9977056384086608,ABN,ram gopal varma,0,0,0,0,1,0,0,0,0,0,0,0,0,0
8tNdaCxSOuA,2023-01-07,477.0,1.0,1186.0,0.9910314083099364,ABN,ram gopal varma,0,0,0,0,0,0,0,0,0,0,0,0,0,0
7RyHLb9CAZo,2022-10-01,172.0,19.0,8133.0,-0.9971720576286316,TV5,ram gopal varma,0,0,0,0,0,0,0,0,0,0,0,0,0,0
w9U0I_l7zlA,2022-11-08,161.0,0.0,1116.0,-0.9984822869300842,TV5,ram gopal varma,0,0,0,0,0,0,0,0,0,0,0,0,0,0
-AH1bFn-FKM,2022-10-12,68.0,0.0,308.0,-0.9983054399490356,ABN,ram gopal varma,0,0,0,0,0,0,0,0,0,0,0,0,0,0
nsbi931axQA,2021-02-16,267.0,0.0,418.0,0.9967024922370912,Sakshi,ram gopal varma,0,0,0,0,0,0,0,0,0,0,0,0,0,0
uVcvcTdYfY8,2022-10-13,98.0,3.0,2164.0,-0.9973758459091188,ABN,ram gopal varma,0,0,0,0,0,0,0,1,0,0,0,0,0,0
_YJj0cnltMw,2021-02-15,326.0,0.0,3108.0,0.994706928730011,Sakshi,ram gopal varma,0,0,0,0,0,0,0,0,0,1,0,0,1,0
9BhLlzujxGQ,2023-03-30,351.0,0.0,1002.0,0.9980759620666504,TV9,ram gopal varma,0,0,0,0,0,0,0,0,0,0,0,0,0,0
OTrMWkdTLJ8,2023-03-27,271.0,476.0,163841.0,0.9953540563583374,Sakshi,ram gopal varma,0,0,0,0,0,1,0,0,0,0,0,0,0,0
rAzAlffxC9I,2022-08-27,318.0,8.0,3697.0,0.9955311417579652,Sakshi,ram gopal varma,0,0,0,0,0,0,0,0,0,0,0,0,0,0
vADAXvBkvww,2022-11-24,172.0,2.0,841.0,-0.9989110231399536,TV5,ram gopal varma,0,0,0,0,0,0,0,0,0,0,0,0,0,0
8YyhyYupR9Q,2022-11-22,381.0,2.0,2809.0,-0.9979552030563354,TV5,ram gopal varma,0,0,0,1,0,0,0,1,0,0,0,0,0,0
jVHVHwy7Mcg,2023-02-24,124.0,182.0,105349.0,-0.9978156089782716,TV9,ram gopal varma,0,0,0,0,0,0,0,0,0,0,0,0,0,0
2KfUVi9ZMKE,2023-01-30,253.0,1.0,3752.0,-0.9982224106788636,ABN,ram gopal varma,0,0,0,0,0,0,0,0,0,0,0,0,0,0
Wus78afbY2Y,2023-02-24,182.0,5.0,6069.0,-0.9979706406593324,TV9,ram gopal varma,0,0,0,0,1,0,0,0,0,0,0,0,0,0
kqBBigBFWYI,2023-03-19,251.0,7.0,3992.0,0.9758042693138124,TV9,ram gopal varma,0,0,0,0,0,0,0,0,0,0,0,0,0,0
TDRKFD2nQVo,2023-01-06,150.0,3.0,1357.0,0.9970327615737916,TV5,ram gopal varma,1,1,0,0,0,0,1,0,0,0,0,0,0,0
9E7JpMLdWtk,2022-12-01,41.0,1.0,850.0,0.9973995685577391,TV9,ram gopal varma,0,0,0,0,0,0,0,0,0,0,0,0,0,0
VbHr2u6b2_U,2022-07-30,245.0,34.0,12228.0,-0.9935582280158995,Sakshi,ram gopal varma,0,0,0,0,0,1,0,0,0,0,0,0,0,1
p3bSjdtaPvo,2023-03-07,235.0,23.0,11281.0,0.9974206686019896,ABN,ram gopal varma,0,0,0,0,1,0,0,0,0,0,1,0,0,0
lZUuqhPuF2E,2022-12-12,76.0,4.0,4979.0,0.9979154467582704,TV9,ram gopal varma,0,0,0,0,0,0,0,0,0,0,0,0,0,0
HWcTQbBREIM,2023-03-03,59.0,2.0,11081.0,0.988331377506256,TV9,ram gopal varma,0,0,0,0,0,0,0,0,0,0,0,1,0,1
rcRYQFBGTUY,2022-09-10,119.0,1.0,678.0,-0.9966567754745485,TV5,ram gopal varma,0,0,0,0,0,0,0,0,0,0,0,0,0,0
uNP-2InpahU,2022-12-10,174.0,0.0,2867.0,-0.9954234957695008,TV9,ram gopal varma,0,0,0,0,0,0,0,0,0,0,0,0,0,0
W0eqk2BSZ_g,2023-01-06,200.0,4.0,4848.0,0.996606945991516,TV5,ram gopal varma,0,0,0,0,0,0,0,0,0,0,0,0,0,0
K4d7LNEHQDs,2023-01-10,106.0,9.0,2721.0,-0.997219443321228,ABN,ram gopal varma,0,0,1,0,0,0,0,0,0,0,0,0,0,0
RPlI1lrQxSw,2023-02-13,315.0,1.0,1661.0,-0.9944420456886292,ABN,ram gopal varma,0,1,1,1,0,0,0,0,0,0,1,0,1,0
jlXfjqajzmk,2022-10-20,83.0,8.0,1274.0,-0.9941967725753784,ABN,ram gopal varma,0,0,0,1,0,0,0,0,0,0,0,0,0,0
OmrgNS6CP44,2023-04-01,147.0,1.0,521.0,-0.9967308044433594,TV5,ram gopal varma,0,0,0,0,1,0,0,0,0,0,0,0,0,1
YKFEdiHXSDU,2023-03-22,78.0,1.0,1201.0,-0.9994460940361024,TV9,ram gopal varma,0,0,0,0,0,0,0,0,0,0,0,0,0,0
u3Dintt6T5E,2023-04-09,261.0,2.0,2668.0,-0.9878968000411988,TV9,ram gopal varma,0,0,0,0,0,0,0,0,0,0,0,0,0,0
p2boUVqqJEU,2023-03-16,257.0,5.0,8639.0,-0.9609341025352478,ABN,ram gopal varma,0,0,0,0,0,0,0,0,0,0,0,0,0,0
EaFL1jTEv0U,2022-12-31,239.0,2.0,36144.0,-0.9927859902381896,TV9,ram gopal varma,0,0,0,0,0,0,0,0,0,0,0,0,0,0
TC1NmDEzUic,2023-02-27,239.0,2.0,3248.0,-0.998747706413269,TV9,ram gopal varma,0,0,0,0,1,0,0,0,0,0,0,0,0,0
h7NS5nueTq0,2023-03-24,297.0,1.0,1485.0,0.9921829104423524,ABN,ram gopal varma,0,0,0,0,0,0,0,0,0,0,0,0,0,0
xgVdROaQdLk,2023-01-25,188.0,5.0,3757.0,-0.9990676045417786,ABN,ram gopal varma,0,0,0,0,1,1,0,0,0,0,0,0,0,0
Y_5eHND0FtM,2022-01-05,81.0,84.0,13584.0,-0.997403919696808,Sakshi,ram gopal varma,0,0,0,0,0,0,0,0,0,0,0,0,0,0
yjjk6CGPVM4,2023-02-23,106.0,33.0,8010.0,-0.9979115128517152,TV5,ram gopal varma,0,0,0,0,0,0,0,0,0,0,0,0,0,0
XIBoLj-0hn0,2023-04-13,50.0,2.0,11812.0,-0.9991395473480223,TV9,ram gopal varma,0,0,0,0,0,0,0,0,0,0,0,0,0,0
2K3cd3TwD84,2023-03-02,57.0,4.0,16014.0,-0.9845823049545288,TV9,ram gopal varma,0,0,0,0,0,0,0,0,0,0,0,0,0,0
fN9nhUYQvTQ,2023-03-01,185.0,16.0,15590.0,-0.997651994228363,Sakshi,ram gopal varma,0,1,0,0,0,0,0,0,0,0,0,0,0,0
sa3kdl9P40s,2023-03-19,111.0,1.0,873.0,-0.9982789754867554,TV9,ram gopal varma,0,0,0,0,0,0,0,0,0,0,0,0,0,0
tPLu8Y_KMos,2021-02-14,209.0,2.0,2719.0,0.9979216456413268,Sakshi,ram gopal varma,0,0,0,0,0,0,0,0,0,0,0,0,0,0
F_PQ3fTuc6w,2023-02-27,496.0,44.0,29024.0,0.9983512163162231,Sakshi,ram gopal varma,0,0,0,0,0,0,0,0,0,0,0,0,0,0
-1IPCDNVrD8,2023-01-29,325.0,54.0,21088.0,-0.9950880408287048,ABN,ram gopal varma,0,0,0,0,0,0,0,0,0,0,0,0,0,0
yQT6vXPwwq0,2023-03-27,279.0,32.0,91794.0,0.9973058700561525,ABN,ram gopal varma,0,0,0,0,0,0,0,0,0,0,0,0,0,0
NH-g_5K-CDk,2022-12-05,306.0,3.0,2384.0,0.9961259961128236,Sakshi,ram gopal varma,0,0,0,0,0,0,0,0,0,0,0,0,0,0
YpXsMYRBqi0,2022-11-18,228.0,3.0,33617.0,-0.9658622145652772,TV9,ram gopal varma,0,0,0,0,0,0,0,0,0,0,0,0,0,0
9rWP4I3swxI,2023-03-31,297.0,538.0,141520.0,0.9982798099517822,TV9,ram gopal varma,0,0,0,0,0,0,0,0,0,0,0,0,0,0
UHXeuZZVFsg,2023-03-31,52.0,4.0,57418.0,-0.9925104379653932,TV9,ram gopal varma,0,0,0,0,0,0,0,0,0,0,0,1,0,0
Qm2_wNmUR-4,2022-12-21,232.0,12.0,2049.0,-0.9986218214035034,TV9,ram gopal varma,0,0,0,0,0,0,0,0,0,0,0,0,0,0
a8fesjP0Sps,2022-11-26,291.0,1.0,3511.0,0.997450053691864,TV9,ram gopal varma,0,0,0,0,0,1,0,0,0,0,0,0,0,0
ycYDE2pK7ao,2023-04-04,247.0,0.0,762.0,-0.998522937297821,ABN,ram gopal varma,0,0,0,0,0,0,0,0,0,0,0,0,0,0
44xM3LMChbo,2023-02-13,119.0,0.0,1629.0,0.9988196492195128,ABN,ram gopal varma,0,0,0,0,0,0,0,0,0,0,0,0,0,0
-IXF4CD8T7o,2023-02-13,270.0,5.0,4282.0,0.9984591007232666,TV5,ram gopal varma,0,0,0,1,0,0,0,0,0,0,0,0,0,0
q9ZmJaD5vVA,2022-10-17,67.0,0.0,360.0,-0.9977025389671326,ABN,ram gopal varma,0,0,0,0,0,0,0,0,0,0,0,0,0,0
Lu0HnCTA2ac,2023-04-01,248.0,0.0,345.0,-0.9990741014480592,ABN,ram gopal varma,0,0,0,0,0,0,0,0,0,0,0,0,0,0
LRpik0CKYD0,2022-10-27,629.0,234.0,56301.0,0.995544135570526,TV5,ram gopal varma,0,0,0,0,0,0,0,0,0,0,0,0,0,0
kW60ea1GePA,2023-01-05,316.0,19.0,4831.0,0.9801733493804932,ABN,ram gopal varma,0,0,0,0,0,0,0,0,0,0,0,0,0,0
cEBZI1RkqxY,2022-10-29,270.0,78.0,23006.0,-0.9913613200187684,TV5,ram gopal varma,0,0,0,0,0,0,0,0,0,0,0,0,0,0
f9846u_PpmE,2023-03-19,330.0,13.0,19914.0,0.987016499042511,ABN,ram gopal varma,0,0,0,0,0,0,0,0,0,0,0,0,0,0
brCI-EEjBUY,2022-10-05,165.0,151.0,278540.0,-0.998450517654419,TV5,ram gopal varma,1,1,0,0,0,0,0,0,0,0,0,0,0,0
I6CtWeHP0fU,2023-01-24,208.0,0.0,523.0,0.9988548755645752,TV9,ram gopal varma,0,0,0,0,0,0,0,0,0,0,0,0,0,0
PVCWC1K16hM,2023-01-04,335.0,5.0,928.0,0.9940696954727172,TV9,ram gopal varma,0,0,0,0,0,0,0,0,0,1,0,0,1,0
XiVhlNB_xOo,2023-03-03,125.0,0.0,1608.0,0.9987722039222716,TV9,ram gopal varma,0,0,0,0,0,0,0,0,0,0,0,0,0,0
THzo0Rn1JgQ,2023-01-16,330.0,13.0,10400.0,-0.9976351261138916,ABN,ram gopal varma,0,1,1,0,0,0,0,0,0,1,1,0,1,0
hZJEhoajbng,2023-04-13,297.0,0.0,1269.0,0.9953340888023376,TV9,ram gopal varma,0,0,0,0,0,0,0,0,0,0,0,0,0,0
xqByr60i7JE,2022-12-06,225.0,15.0,15289.0,0.9969413876533508,TV5,ram gopal varma,0,0,0,0,0,0,0,0,0,0,0,0,0,0
bQCrM69hjvM,2023-03-24,272.0,1.0,768.0,-0.987585186958313,TV5,ram gopal varma,0,0,0,0,0,0,0,0,0,0,0,0,0,0
8He9v_Jm6vM,2023-03-06,259.0,0.0,5760.0,-0.992664396762848,ABN,ram gopal varma,0,0,0,0,0,0,0,0,0,0,0,0,0,0
4TvsV4yTeeM,2022-11-29,82.0,1.0,541.0,0.9980791807174684,TV9,ram gopal varma,0,0,0,0,0,0,0,0,0,0,0,0,0,0
AswcjfI4BQQ,2023-01-28,275.0,3.0,6139.0,0.9961950778961182,TV5,ram gopal varma,0,0,0,1,0,0,0,0,0,0,0,0,0,0
jTCF6WTsSq0,2022-10-26,591.0,46.0,6389.0,0.9953674077987672,ABN,ram gopal varma,0,0,0,0,0,0,0,0,0,0,0,0,0,0
XLZvncvtQRY,2022-11-08,279.0,0.0,400.0,-0.9986246824264526,ABN,ram gopal varma,0,0,0,0,0,0,0,0,1,0,0,0,0,0
P2kYP-dpVMI,2023-02-24,157.0,244.0,135028.0,-0.9973055124282836,TV9,ram gopal varma,0,0,0,0,0,0,0,0,0,0,0,0,0,0
vbhBi37F1K8,2022-12-05,208.0,8.0,9539.0,-0.9971676468849182,TV5,ram gopal varma,0,0,0,0,0,0,0,0,0,0,0,0,0,0
bv6mXoJJ1NI,2023-03-14,307.0,6.0,2571.0,-0.9895076155662536,TV9,ram gopal varma,0,0,0,0,0,0,0,0,0,0,0,0,0,0
uaHnNgDbshI,2022-09-22,375.0,58.0,52083.0,0.9941258430480956,TV5,ram gopal varma,0,0,0,0,0,0,0,0,0,0,0,0,0,0
Y8U_zPw_e-k,2022-10-29,190.0,74.0,12853.0,0.9961366057395936,TV5,ram gopal varma,0,0,0,0,0,0,0,0,0,0,0,0,0,0
x1d7yNCnwMs,2022-11-07,208.0,1.0,2426.0,0.9971551895141602,TV5,ram gopal varma,0,0,0,0,0,0,0,0,0,0,0,0,0,0
nzIkCEasKDw,2022-12-21,225.0,12.0,8613.0,0.9619418382644652,ABN,ram gopal varma,0,0,0,0,0,0,0,0,0,0,0,0,0,0
gsrg7E0PxA8,2022-12-10,272.0,0.0,2717.0,-0.9994035959243774,TV9,ram gopal varma,0,0,0,0,0,1,0,0,0,1,0,0,0,1
rN7Li7JeHQc,2023-03-23,129.0,1.0,823.0,0.992141604423523,TV9,ram gopal varma,0,0,0,0,0,0,0,0,0,0,0,0,0,0
Ljz1UEZ1rD0,2022-03-07,345.0,33.0,6017.0,0.991495966911316,Sakshi,ram gopal varma,0,0,0,0,0,0,0,0,0,0,0,0,0,0
dHGj2MavTsw,2023-03-02,175.0,3.0,567.0,0.99305659532547,TV5,ram gopal varma,0,0,0,0,0,0,0,0,0,0,0,0,0,0
Sl6RLyKhn3M,2022-12-25,45.0,1.0,419.0,-0.9878116250038148,TV9,ram gopal varma,0,0,0,0,0,0,0,0,0,0,0,0,0,0
8znacEXZy-U,2022-10-24,307.0,2.0,1001.0,-0.9993428587913512,ABN,ram gopal varma,0,0,0,0,0,0,0,0,0,0,0,0,0,0
p1Y_-6GcOfs,2022-11-27,212.0,4.0,1762.0,-0.9862337112426758,TV9,ram gopal varma,0,0,0,0,1,0,0,0,0,0,0,0,0,0
fDtD-__mOqY,2023-02-24,74.0,52.0,38252.0,-0.9971447587013244,TV9,ram gopal varma,0,0,0,0,1,0,0,0,0,0,0,0,0,0
SFAeY4VMSTQ,2022-12-08,380.0,24.0,17962.0,0.9839625954627992,TV9,ram gopal varma,0,0,0,0,0,0,0,0,0,0,0,0,0,0
hc1AwTzO6bw,2021-06-30,327.0,15.0,3117.0,0.9969496130943298,Sakshi,ram gopal varma,0,0,0,0,0,0,0,0,0,0,0,0,0,0
R7OV20Onf68,2023-03-25,329.0,6.0,2097.0,-0.9990941286087036,TV5,ram gopal varma,0,0,0,0,0,0,0,0,0,0,0,0,0,0
gWll5v-IxzI,2023-02-24,216.0,212.0,64108.0,-0.99897962808609,TV9,ram gopal varma,0,0,0,0,0,0,0,0,0,0,0,0,0,0
1FSojVCFxZ8,2023-01-06,34825.0,5.0,7407.0,0.9919648170471193,TV5,ram gopal varma,0,0,0,0,0,0,0,0,0,0,0,0,0,0
OfPnQfoIxHQ,2022-12-18,142.0,18.0,2604.0,0.9884662628173828,TV9,ram gopal varma,0,0,0,0,0,0,0,0,0,0,0,0,0,0
HM85XkwTt1w,2022-12-02,398.0,2.0,2505.0,-0.9984951019287108,TV5,ram gopal varma,0,0,0,0,0,0,0,1,0,0,0,0,0,0
CseUzgMOaWc,2023-02-27,639.0,193.0,56535.0,0.9985902905464172,Sakshi,ram gopal varma,0,0,0,0,0,0,0,0,0,0,0,0,0,0
0wc4os7QBQk,2023-03-25,346.0,12.0,21644.0,-0.9967189431190492,TV9,ram gopal varma,0,0,0,0,0,0,0,0,0,0,0,0,0,0
r0EBMigMDa8,2022-12-02,276.0,14.0,1979.0,-0.9994901418685912,Sakshi,ram gopal varma,0,0,0,0,0,0,0,0,0,0,0,1,0,0
1Ykhy17QfDo,2021-02-15,267.0,2.0,2518.0,0.9796199202537536,Sakshi,ram gopal varma,0,0,0,0,0,0,0,0,0,0,0,0,0,0
ks9CyGp1l9M,2023-04-17,197.0,0.0,1781.0,0.9913495779037476,TV9,ram gopal varma,0,0,0,0,0,0,0,0,0,0,0,0,0,0
tTqma8UUPhU,2022-11-14,188.0,1.0,702.0,-0.9928327798843384,ABN,ram gopal varma,0,0,0,0,0,0,0,0,0,0,0,0,0,0
9kR6IeqttN8,2022-10-29,220.0,192.0,102952.0,0.9934197068214417,TV5,ram gopal varma,0,0,0,0,0,0,0,0,0,0,0,0,0,0
