ids,upload_date,duration,comment_count,view_count,sentiment,uploader,tags,penukonda.png,vizianagaram_.png,gannavaram_vamsi.png,machillipatnam.png,jaggayyapeta.png,kodur.png,venkatagiri.png,vishakapatnam_west.png,kakinada.png,palakollu.png,rajinikanth.png,pulivendula.png,kanigiri.png,kalayan_durg.png,madugula.png,repalle.png,sattenapalli.png,paturi_nagabhusnam.png,rayachoti.png,paderu.png,nandikotkur.png,vizianagaram.png,tekkali.png,pawan.png
cokzTW4er6g,2022-10-18,138.0,36.0,1746.0,-0.998007833957672,Sakshi,vizag steel plant,0,0,0,0,0,1,0,0,0,0,0,0,0,0,0,0,0,0,0,0,0,0,0,0
ANFeFRDV3D8,2022-09-27,75.0,0.0,2954.0,0.992251455783844,TV5,vizag steel plant,0,0,0,0,0,0,0,0,0,0,0,0,0,0,0,0,0,0,0,0,0,0,0,0
n-BkPv7xayU,2022-12-01,123.0,1.0,600.0,0.995136559009552,ABN,vizag steel plant,0,0,0,0,0,0,0,0,0,0,0,0,0,0,0,0,0,0,0,0,0,0,0,0
BM6Hed4jPxw,2021-02-20,332.0,3.0,3916.0,0.9974530339241028,Sakshi,vizag steel plant,0,0,0,0,0,0,0,0,0,0,0,0,0,0,0,0,0,0,0,0,0,0,0,0
EUjCA21yP2A,2021-02-18,602.0,4.0,4799.0,0.9938071370124816,Sakshi,vizag steel plant,0,0,0,0,0,0,0,0,0,0,0,0,0,0,0,0,0,0,0,0,0,0,0,0
nGnZzG3pKQ4,2023-01-17,172.0,4.0,36924.0,-0.9980515241622924,TV9,vizag steel plant,0,0,0,0,0,0,0,0,0,0,0,0,0,0,0,0,0,0,0,0,0,0,0,0
kVfMKUcdefI,2019-12-23,148.0,6.0,22013.0,0.996648609638214,Sakshi,vizag steel plant,0,0,0,0,0,0,0,0,0,0,0,0,0,0,0,0,0,0,0,0,0,0,0,0
j4WcF7Nt2PY,2021-02-20,248.0,5.0,2204.0,0.993498921394348,Sakshi,vizag steel plant,0,0,0,0,0,0,0,0,0,0,0,0,0,0,0,0,0,0,0,0,0,0,0,0
uQ4U306fLDQ,2022-11-21,141.0,1.0,980.0,-0.996269941329956,ABN,vizag steel plant,0,0,0,0,0,0,0,0,0,0,0,0,0,0,0,0,0,0,0,0,0,0,0,0
9DLAeBG7lsc,2021-02-16,3314.0,7.0,5591.0,0.9835520386695862,Sakshi,vizag steel plant,0,0,0,0,0,0,0,0,0,0,0,0,0,0,0,0,0,0,0,0,0,0,0,0
fnCd_kGUz0w,2021-02-20,330.0,60.0,34767.0,0.9932714104652404,Sakshi,vizag steel plant,0,0,0,0,0,0,0,0,0,0,0,0,0,0,0,0,0,0,0,1,0,0,0,0
jw_23m1c-D8,2023-01-18,36.0,15.0,8732.0,0.9957830905914308,ABN,vizag steel plant,0,0,0,0,0,0,0,0,0,0,0,0,0,0,0,0,0,0,0,0,0,0,0,0
2VpEU_QkPek,2021-02-20,142.0,1.0,2157.0,0.9987389445304872,Sakshi,vizag steel plant,0,0,0,0,0,0,0,0,0,0,0,0,0,0,0,0,0,0,0,0,0,1,0,0
G2xCv79gqsY,2022-10-08,175.0,70.0,28478.0,-0.9980649352073668,TV5,vizag steel plant,0,0,0,0,0,0,0,0,0,0,0,0,0,0,0,0,0,0,0,0,0,0,0,0
Ejj5o5XPryo,2021-02-20,199.0,2.0,591.0,0.9966912269592284,Sakshi,vizag steel plant,0,0,0,0,1,0,0,0,0,0,0,0,1,0,0,0,0,0,1,0,0,0,1,0
Cs_fORAljxQ,2022-11-12,361.0,17.0,6277.0,-0.9993977546691896,TV5,vizag steel plant,0,0,0,0,0,0,0,0,0,0,0,0,0,0,0,0,0,0,0,0,0,0,0,0
WaOofG-fZxA,2022-12-21,456.0,0.0,3586.0,-0.999357521533966,ABN,vizag steel plant,0,0,0,0,0,0,0,0,0,0,0,0,0,0,0,0,0,0,0,0,0,0,0,0
7sHqhhRcMlM,2021-02-20,149.0,0.0,1588.0,0.9936983585357666,Sakshi,vizag steel plant,0,0,0,0,0,0,0,0,0,0,0,0,0,0,0,0,1,0,0,0,0,0,0,0
gxuhvxKtxBc,2021-02-20,166.0,2.0,1520.0,0.9984897375106812,Sakshi,vizag steel plant,0,0,0,0,0,0,1,0,0,0,0,0,0,0,0,0,0,0,0,0,0,0,0,0
4ubjz34SbyU,2022-12-01,295.0,16.0,5747.0,-0.9981854557991028,TV5,vizag steel plant,0,0,0,0,0,0,0,0,0,0,0,1,0,1,0,0,0,0,0,0,0,0,0,0
PreZxjd4UkQ,2021-02-20,640.0,2.0,2686.0,-0.9794501066207886,Sakshi,vizag steel plant,0,0,0,0,0,0,0,0,0,0,0,0,0,0,0,0,0,0,0,0,0,0,0,0
tcHBXYbLatk,2022-11-05,217.0,2.0,3801.0,-0.9983826875686646,TV5,vizag steel plant,0,0,0,0,0,0,0,1,1,0,0,0,0,0,0,0,0,0,0,0,0,0,1,0
kHCEZ16vb7g,2022-11-11,266.0,9.0,5831.0,0.9697660207748412,TV5,vizag steel plant,0,0,0,0,0,0,1,1,0,1,0,0,1,0,0,0,0,0,0,0,0,0,1,0
bUYSz5VF8CY,2019-12-22,103.0,11.0,15679.0,0.9979531764984132,Sakshi,vizag steel plant,0,0,0,0,0,0,0,0,0,0,0,1,0,0,0,0,0,0,0,0,0,0,0,0
jBK1292RiVs,2022-12-30,207.0,3.0,1425.0,0.9862619042396544,ABN,vizag steel plant,0,0,0,0,0,0,0,0,0,0,0,0,0,0,0,0,0,0,0,0,0,0,1,0
DsCkgLtB0xw,2021-02-18,603.0,12.0,3708.0,0.9981135129928588,Sakshi,vizag steel plant,0,0,0,0,0,0,0,0,0,0,0,0,0,0,0,0,0,0,0,0,0,0,0,0
l2w9bBcteaA,2022-10-16,330.0,44.0,27167.0,-0.9984394907951356,TV5,vizag steel plant,0,0,0,0,0,0,0,0,0,0,0,0,0,0,0,0,0,0,0,0,0,0,0,0
Ob9rk0IzNzc,2023-03-05,186.0,17.0,1734.0,0.9986836314201356,Sakshi,vizag steel plant,0,0,0,0,0,0,0,0,0,0,0,0,0,0,0,0,0,0,0,0,0,0,0,0
-yHzjwyP0-g,2022-10-18,270.0,12.0,3673.0,-0.9937998652458192,ABN,vizag steel plant,0,0,0,0,0,0,0,0,0,0,0,0,0,0,0,0,0,0,0,0,0,0,0,0
vhpryuBqkZU,2022-11-11,276.0,1.0,972.0,-0.9982641339302064,TV5,vizag steel plant,0,0,0,0,0,0,0,0,0,0,0,0,0,0,0,0,0,0,0,0,0,0,0,0
D58KwcJ2giY,2021-02-20,986.0,10.0,5072.0,0.9846389889717102,Sakshi,vizag steel plant,0,0,0,0,0,0,0,0,0,0,0,0,0,0,0,0,0,0,0,0,0,0,0,0
wjFlabrAyfo,2021-02-14,132.0,0.0,884.0,0.9982799291610718,Sakshi,vizag steel plant,0,0,0,0,0,0,0,0,0,0,0,0,0,0,0,0,0,0,0,0,0,0,0,0
dfdMoQpyj5Q,2023-01-14,492.0,8.0,39446.0,-0.9678807854652404,ABN,vizag steel plant,0,0,0,0,0,0,0,0,0,0,0,0,0,0,0,0,0,0,0,0,0,0,0,0
wcFVRLUiR7c,2022-10-14,339.0,2.0,3444.0,-0.9953773021697998,ABN,vizag steel plant,0,0,0,0,0,0,0,0,0,0,0,1,0,0,0,0,0,0,0,0,0,0,0,0
7DrXKKMuwDc,2022-11-07,301.0,1.0,1896.0,0.9880310893058776,TV5,vizag steel plant,0,0,0,0,0,0,0,0,0,0,0,0,0,1,0,0,0,0,0,0,0,0,0,0
7ApXfZEdbbc,2023-01-11,351.0,34.0,20722.0,-0.9941022992134094,TV9,vizag steel plant,0,0,0,0,0,0,0,0,0,0,0,0,0,0,0,0,0,0,0,0,0,0,0,1
3efKgPByqOQ,2021-02-20,467.0,15.0,9894.0,0.9910104274749756,Sakshi,vizag steel plant,0,0,0,0,0,0,0,0,0,0,0,0,0,0,0,0,0,0,0,0,0,0,0,0
y8DP-u7fcM8,2022-06-21,232.0,8.0,7648.0,-0.9952405691146852,Sakshi,vizag steel plant,0,0,0,0,0,0,0,0,0,0,0,0,0,0,0,0,0,0,0,0,0,0,0,0
Ti19hZgMVY8,2022-10-17,242.0,41.0,6074.0,0.9887077808380128,Sakshi,vizag steel plant,1,0,0,1,0,0,0,0,0,0,0,0,0,0,0,0,0,0,0,0,0,0,0,0
ZsCh9MHz1m0,2022-09-16,220.0,290.0,371854.0,0.9921836256980896,TV5,vizag steel plant,0,0,0,0,0,0,0,0,0,0,0,0,0,0,0,0,0,0,0,0,0,0,1,0
iWuaf9VAwkU,2021-12-10,278.0,0.0,540.0,-0.9825326204299928,Sakshi,vizag steel plant,0,0,0,0,0,0,0,0,1,0,0,0,0,0,0,0,0,0,0,1,0,0,0,0
3m8NkQk_Qm8,2022-11-24,166.0,1.0,889.0,0.9956871867179872,Sakshi,vizag steel plant,0,0,0,0,0,0,0,0,0,0,0,0,1,0,0,0,0,0,0,0,0,0,0,0
Y1YcrnKGFhs,2023-01-02,241.0,87.0,16233.0,-0.9854544401168824,TV9,vizag steel plant,0,0,0,0,0,1,0,1,0,0,0,0,0,0,0,0,0,0,0,0,0,0,0,0
sSJr4tjL7wM,2023-01-18,305.0,1.0,1100.0,-0.84039306640625,ABN,vizag steel plant,0,0,0,0,0,0,0,1,0,1,0,0,0,0,0,0,0,0,0,0,0,0,1,0
h0R-_y0Y8Ug,2021-02-13,3131.0,8.0,12354.0,0.988703429698944,Sakshi,vizag steel plant,0,0,0,0,0,0,0,0,0,0,0,0,0,0,0,0,0,0,0,0,0,0,0,0
sKHNl206as8,2019-12-21,104.0,0.0,503.0,0.9984605312347412,Sakshi,vizag steel plant,0,0,0,0,0,0,0,0,0,0,0,0,0,0,0,0,0,0,0,0,0,0,0,0
L5B1_Z_TcHc,2022-11-11,290.0,0.0,1945.0,0.9933395981788636,TV5,vizag steel plant,0,0,0,0,0,0,0,0,0,0,0,0,0,0,0,0,0,0,0,0,0,0,0,0
0w7qROa-xTQ,2021-02-20,238.0,2.0,1080.0,-0.9926543235778807,Sakshi,vizag steel plant,0,0,0,0,0,0,0,0,0,0,0,0,0,0,0,0,0,0,0,0,0,0,0,0
66Fm-EgrXqk,2021-12-13,620.0,11.0,1513.0,-0.9821895360946656,Sakshi,vizag steel plant,0,0,0,0,0,0,0,0,0,0,0,0,0,0,0,0,0,0,0,0,0,0,0,0
hqgFt48ELLw,2021-02-20,167.0,3.0,3114.0,0.99690979719162,Sakshi,vizag steel plant,0,0,0,0,0,0,0,0,0,0,0,0,0,0,0,0,0,0,0,0,0,0,1,0
o9-F7I7i5q8,2022-12-08,362.0,36.0,20652.0,-0.9964115023612976,TV9,vizag steel plant,1,0,0,1,0,0,0,1,0,0,0,0,0,0,1,1,0,0,0,0,0,0,1,0
VAIhJ6W6Xk4,2022-11-10,272.0,0.0,267.0,-0.998525083065033,ABN,vizag steel plant,0,0,0,0,0,0,1,0,0,0,0,0,0,0,0,0,0,0,0,0,0,0,0,0
F0KkkRIs4JI,2022-10-10,206.0,2.0,4245.0,0.9907700419425964,TV5,vizag steel plant,0,0,0,0,0,0,0,0,0,0,0,0,0,0,0,0,0,0,0,0,0,0,0,0
niP-y-Qac2A,2023-04-10,300.0,2.0,1915.0,0.9953691363334656,TV5,vizag steel plant,0,0,0,0,0,0,0,0,0,0,0,0,0,0,0,0,0,0,0,0,0,0,0,0
wnP84WRPqVs,2022-11-12,433.0,14.0,2739.0,-0.9775506854057312,ABN,vizag steel plant,0,0,0,0,0,0,0,0,0,0,0,0,0,0,0,0,0,0,0,0,0,0,0,0
MpJnVkNEGig,2022-11-11,337.0,119.0,26167.0,0.9981473684310912,Sakshi,vizag steel plant,0,0,0,0,0,1,1,0,1,0,0,0,0,0,0,0,0,0,0,0,1,0,0,1
sUdx2DLI7J8,2023-04-11,127.0,2.0,1747.0,-0.9911155700683594,TV5,vizag steel plant,0,0,0,0,0,0,0,0,0,0,0,0,0,0,0,0,0,0,0,0,0,0,0,0
o_xoQEynBVw,2021-12-10,254.0,12.0,1824.0,-0.9968923926353456,Sakshi,vizag steel plant,0,0,0,0,0,0,0,0,0,0,0,0,0,0,0,0,0,0,0,1,0,0,0,0
3QfYEmhN_4I,2023-04-15,180.0,42.0,45100.0,-0.998406708240509,ABN,vizag steel plant,0,0,0,0,0,0,0,0,0,0,0,0,0,0,0,0,0,0,0,0,0,0,0,0
SinljMesiCM,2023-04-13,172.0,4.0,1564.0,-0.9902483820915222,TV9,vizag steel plant,0,0,0,0,0,0,0,0,0,0,0,0,0,0,0,0,0,0,0,0,0,0,0,0
jkpWtAI01ns,2019-12-23,132.0,9.0,12585.0,0.9981725215911864,Sakshi,vizag steel plant,0,0,0,0,0,0,0,0,0,0,0,0,0,0,0,0,0,0,0,0,0,0,0,0
rvC2HAm-lBQ,2020-03-10,253.0,16.0,17279.0,0.9947039484977722,Sakshi,vizag steel plant,0,0,0,0,0,1,0,0,0,0,0,1,0,0,0,0,0,0,0,0,0,0,0,0
lXw44H_uR4M,2023-03-16,260.0,5.0,3076.0,-0.9984886646270752,TV9,vizag steel plant,0,0,0,0,0,0,0,0,0,0,0,0,0,0,0,0,0,0,0,0,0,0,0,0
gDmlQuGsUlQ,2023-04-12,169.0,0.0,3079.0,-0.995919406414032,TV9,vizag steel plant,0,0,0,0,0,0,0,0,0,0,1,1,0,0,0,0,0,0,0,0,0,0,0,0
Xa9bg4gNHtw,2023-04-15,253.0,1.0,1092.0,-0.9939963817596436,TV9,vizag steel plant,0,0,0,0,0,0,0,0,0,0,0,0,0,0,0,0,0,0,0,0,0,0,0,0
nXpFQnezy3g,2023-04-13,259.0,5.0,1536.0,0.9901043772697448,Sakshi,vizag steel plant,0,0,0,0,0,0,0,0,0,0,0,0,0,0,0,0,0,0,0,0,0,0,0,0
zlEgWEI1nHg,2023-04-15,57.0,36.0,37934.0,-0.9904387593269348,ABN,vizag steel plant,0,0,0,0,0,0,0,0,0,0,0,0,0,0,0,0,0,0,0,0,0,0,0,0
r13J8QDNxpE,2021-02-16,2509.0,8.0,7947.0,-0.9984239339828492,Sakshi,vizag steel plant,0,0,0,0,0,0,0,0,0,0,0,0,0,0,0,0,0,0,0,0,0,0,0,0
h16C8gqw-W8,2023-03-09,215.0,4.0,718.0,-0.998111128807068,TV5,vizag steel plant,0,0,0,0,0,0,0,0,0,0,0,0,0,0,0,0,0,0,0,0,0,0,0,0
n_KxFDik0GI,2022-08-29,277.0,27.0,6454.0,-0.9944104552268982,TV5,vizag steel plant,0,0,0,0,0,0,0,0,0,0,0,0,0,0,0,0,0,0,0,0,0,0,0,0
kuGpL3Qm3-o,2023-03-05,265.0,21.0,8412.0,-0.9900904893875122,TV5,vizag steel plant,0,0,0,0,0,0,0,0,0,0,0,0,0,0,0,0,0,0,0,0,0,0,0,0
-mjcTzdQrw8,2022-10-16,212.0,26.0,16284.0,0.9982422590255736,TV5,vizag steel plant,0,0,0,0,0,0,0,0,0,0,0,0,0,0,0,0,0,0,0,0,0,0,0,0
HePZ5-8lp3A,2023-04-11,281.0,2.0,473.0,-0.9994484782218932,ABN,vizag steel plant,0,0,0,0,0,0,0,0,0,0,0,0,0,0,0,1,0,0,0,0,0,0,0,0
e5MV1IYxJ8s,2023-04-12,571.0,2.0,808.0,-0.976268231868744,Sakshi,vizag steel plant,0,0,0,0,0,0,0,0,0,0,0,0,0,0,0,0,0,0,0,0,0,0,0,0
afQIyiZlRTs,2023-04-13,78.0,1.0,800.0,0.9880359768867492,TV9,vizag steel plant,0,0,0,0,0,0,0,0,0,0,0,0,0,0,0,0,0,0,0,0,0,0,0,0
Anvxvi4vS30,2023-04-02,149.0,39.0,2389.0,-0.9931713342666626,ABN,vizag steel plant,0,0,0,0,0,0,0,0,0,0,0,0,0,0,0,0,0,0,0,0,0,0,0,0
tWZcawz8q_E,2023-04-13,100.0,9.0,1530.0,-0.9828391671180724,Sakshi,vizag steel plant,0,0,0,1,0,0,0,0,0,0,0,0,0,0,0,0,0,0,0,0,0,0,0,0
0IS1hKib_Bw,2023-04-21,58.0,1.0,11617.0,0.9927080273628236,ABN,vizag steel plant,0,0,0,0,0,0,0,0,0,0,0,0,0,0,0,0,0,0,0,0,0,0,0,0
rUa5HhcDH5w,2023-04-05,125.0,1.0,1427.0,0.9977287650108336,TV9,vizag steel plant,0,0,0,0,0,0,0,0,0,0,0,0,0,0,0,0,0,0,0,0,0,0,0,0
-Bm74wQzCcA,2023-04-12,158.0,1.0,1940.0,-0.9915090799331664,ABN,vizag steel plant,0,0,0,0,0,0,0,0,0,0,0,0,0,0,0,0,0,0,0,0,0,0,0,0
DuL_4jZzFf4,2023-03-28,271.0,11.0,6453.0,0.99601811170578,TV5,vizag steel plant,0,0,0,0,0,0,0,0,0,0,0,0,0,0,0,0,0,0,0,0,0,0,0,0
Z1aiFX3cNPU,2023-04-09,6775.0,4.0,11376.0,0.9918042421340942,TV9,vizag steel plant,0,0,0,0,0,0,0,0,0,0,0,0,0,0,0,0,0,0,0,0,0,0,0,0
MUG2U3tzjJQ,2023-04-15,144.0,17.0,28724.0,-0.9974929094314576,ABN,vizag steel plant,0,0,0,0,0,0,1,0,0,0,0,0,0,0,0,0,0,1,0,0,0,0,0,0
-FH-hsErDHk,2023-04-11,345.0,9.0,7201.0,-0.9938761591911316,ABN,vizag steel plant,0,0,0,0,0,0,0,0,0,0,0,0,0,0,0,0,0,0,0,0,0,0,0,0
NhecyJzzlYQ,2023-04-17,220.0,7.0,33402.0,-0.9979484677314758,TV9,vizag steel plant,0,0,0,0,0,0,0,0,0,0,0,0,0,0,0,0,0,0,0,0,0,0,0,0
WKiMQJks8eU,2023-04-12,82.0,5.0,1793.0,0.9961583018302916,ABN,vizag steel plant,0,0,0,0,0,0,0,0,0,0,0,0,0,0,0,0,0,0,0,0,0,0,0,0
jeJJLafGBIU,2023-04-13,79.0,2.0,2526.0,-0.9913819432258606,ABN,vizag steel plant,0,0,0,1,0,0,0,0,0,0,0,0,0,0,0,0,0,0,0,0,0,0,0,0
0sOQA9-6n18,2022-08-30,295.0,219.0,231880.0,0.9859628081321716,TV5,vizag steel plant,0,0,0,0,0,1,0,0,0,0,0,0,0,0,0,0,0,0,0,0,0,0,0,0
rStPc41MXyE,2023-04-11,185.0,2.0,1656.0,-0.990659773349762,TV9,vizag steel plant,0,0,0,0,0,0,0,0,0,0,0,0,0,0,0,0,0,0,0,0,0,0,0,0
15hkKcTGKfY,2021-12-13,992.0,23.0,4734.0,0.950188934803009,Sakshi,vizag steel plant,0,0,0,0,0,0,0,0,0,0,0,0,0,0,0,0,0,0,0,0,0,0,0,0
FOM0hUj5aHg,2023-04-15,112.0,1.0,1378.0,-0.9983577132225036,TV9,vizag steel plant,0,0,0,0,0,0,0,0,0,0,0,0,0,0,0,0,0,0,0,0,0,0,0,0
h1RYtqc4bg0,2021-02-19,209.0,8.0,6816.0,0.9923498034477234,Sakshi,vizag steel plant,0,0,0,0,0,0,0,0,0,0,0,0,0,0,0,0,0,0,0,0,0,0,0,0
TLX0-q9mKcQ,2022-12-01,231.0,2.0,22348.0,-0.9966452717781068,TV9,vizag steel plant,0,1,1,0,1,0,0,0,0,0,0,0,0,0,0,0,0,0,0,0,0,0,0,0
ms2QYJucdOk,2021-02-20,129.0,2.0,426.0,0.995482325553894,Sakshi,vizag steel plant,0,0,0,0,0,0,0,0,0,0,0,0,0,0,0,0,0,0,0,0,0,0,0,0
DF0Cc-bkyv0,2023-02-12,316.0,34.0,48267.0,0.9969791173934937,TV5,vizag steel plant,0,0,0,0,0,0,0,0,0,0,0,0,0,0,0,0,0,0,0,0,0,0,0,0
omC0SH-7-_g,2023-04-16,302.0,0.0,3242.0,-0.9965860843658448,TV9,vizag steel plant,0,0,0,0,0,0,0,0,0,0,0,0,0,0,0,0,0,0,0,0,0,0,0,0
khBvNvnY7co,2023-04-12,430.0,0.0,857.0,-0.9982467889785768,ABN,vizag steel plant,0,0,0,0,0,0,0,0,0,0,0,0,0,0,0,0,0,0,0,0,0,0,0,0
2LlVaYeyFw0,2023-04-13,217.0,12.0,3821.0,0.9975479245185852,TV9,vizag steel plant,0,0,0,0,0,0,0,0,0,0,0,0,0,0,0,0,0,0,0,0,0,0,0,0
8c5nuyq7uRs,2023-04-10,252.0,2.0,680.0,-0.994290828704834,ABN,vizag steel plant,0,0,0,0,0,0,0,0,0,0,0,0,0,0,0,0,0,0,0,0,0,0,0,0
5x4J5sssCsc,2021-02-20,425.0,3.0,1336.0,0.9733669757843018,Sakshi,vizag steel plant,0,0,0,0,0,0,0,0,0,0,0,0,0,0,0,0,0,0,0,0,0,0,0,0
O5HEjb73WSE,2021-02-19,194.0,2.0,3623.0,0.9952057003974916,Sakshi,vizag steel plant,0,0,0,0,0,0,0,0,0,0,0,0,0,0,0,0,0,0,0,0,0,0,0,0
cbacQ77spio,2023-03-13,219.0,11.0,29839.0,-0.9994353652000428,ABN,vizag steel plant,0,0,0,0,0,0,0,0,0,0,0,0,0,0,0,0,0,0,0,0,0,0,0,0
TDsMzGOO7QA,2022-12-20,204.0,18.0,21626.0,-0.993137001991272,TV9,vizag steel plant,0,0,0,0,0,0,1,0,0,0,0,0,0,0,0,0,0,0,0,0,0,0,0,0
55r5GNPAL-g,2023-04-20,119.0,2.0,1099.0,0.9975351095199584,TV9,vizag steel plant,0,0,0,0,0,0,0,0,0,0,0,0,0,0,0,0,0,0,0,0,0,1,0,0
aYuyWrl440Q,2022-11-14,305.0,46.0,4348.0,-0.9966834187507628,ABN,vizag steel plant,0,0,0,0,0,0,0,0,0,0,0,0,0,0,0,0,0,0,0,0,0,0,0,0
jf1IL-Ek-LI,2023-04-13,1115.0,295.0,96472.0,0.989241063594818,ABN,vizag steel plant,0,0,0,0,0,0,0,0,0,0,0,0,0,0,0,0,0,0,0,0,0,0,0,0
6eefUKPGh_0,2023-04-11,53.0,5.0,6254.0,-0.9895477294921876,ABN,vizag steel plant,0,0,0,0,0,0,0,0,0,0,0,0,0,0,0,0,0,0,0,0,0,0,0,0
8tJg3HvCb_c,2022-10-07,240.0,1.0,2400.0,-0.9988321661949158,TV5,vizag steel plant,0,0,0,0,0,0,0,0,0,0,0,0,0,0,0,0,0,0,0,0,0,0,0,0
dVZTQdQbeOA,2023-04-21,301.0,7.0,14174.0,0.9863329529762268,ABN,vizag steel plant,0,0,0,0,0,0,0,0,0,0,0,0,0,0,0,0,0,0,0,0,0,0,0,0
WS2C2YLlork,2023-04-10,157.0,3.0,562.0,-0.991738259792328,TV5,vizag steel plant,0,0,0,0,0,0,0,0,0,0,0,0,0,0,0,0,0,0,0,0,0,0,0,0
IxKe9la-87U,2023-03-17,299.0,2.0,1223.0,0.998814582824707,Sakshi,vizag steel plant,0,1,1,0,1,1,1,0,0,0,0,0,0,0,0,0,0,0,0,0,0,0,0,0
g4mbmywWF4Y,2023-03-22,252.0,4.0,3192.0,0.9973052740097046,TV9,vizag steel plant,0,0,0,0,0,0,0,0,0,0,0,0,0,0,0,0,0,0,0,0,0,0,0,0
MqffLDAapB4,2023-04-14,86.0,3.0,1521.0,0.9845606088638306,ABN,vizag steel plant,0,0,0,0,0,0,0,0,0,0,0,0,0,0,0,0,0,0,0,0,0,0,0,0
-Uy_ENNKlNs,2022-12-05,187.0,2.0,3455.0,-0.9993317723274232,TV9,vizag steel plant,0,1,1,0,1,0,1,0,0,0,0,0,0,0,0,0,0,0,0,0,0,0,0,0
rYRU5D8m_ao,2021-02-20,197.0,0.0,1659.0,0.9957483410835266,Sakshi,vizag steel plant,0,0,0,0,0,0,0,0,0,0,0,0,0,0,1,0,0,0,0,0,0,0,0,0
8RiBOsiGyZw,2023-04-13,253.0,1.0,905.0,-0.9913923740386964,TV9,vizag steel plant,0,0,0,0,0,0,0,0,0,0,0,0,0,0,0,0,0,0,0,0,0,0,0,0
LGG28mOuI6w,2023-04-04,220.0,38.0,35403.0,0.9959285855293274,TV5,vizag steel plant,0,0,0,0,0,0,0,0,0,0,0,0,0,0,0,0,0,0,0,0,0,0,0,0
LYIr6A3muY0,2023-01-27,298.0,404.0,102123.0,-0.997269570827484,Sakshi,vizag steel plant,0,0,0,0,0,0,0,0,0,0,0,0,0,0,0,0,0,0,0,0,0,0,0,0
S9npJYigyW0,2022-11-27,68.0,0.0,1156.0,-0.9908213019371032,TV9,vizag steel plant,0,0,0,0,0,0,0,0,0,0,0,0,0,0,0,0,0,0,0,0,0,0,0,0
SSJBom_SKJM,2022-11-09,403.0,3.0,1888.0,-0.9964022636413574,TV5,vizag steel plant,0,0,0,0,0,0,0,0,0,0,0,0,0,0,0,0,0,0,0,0,0,0,0,0
kC_v-fIqJLE,2022-11-21,188.0,2.0,12016.0,0.994716227054596,TV9,vizag steel plant,0,0,0,0,0,0,0,0,0,0,0,0,0,0,0,0,0,0,0,0,0,0,0,0
RerIY7zocw8,2022-01-03,152.0,15.0,14715.0,0.9978553652763368,Sakshi,vizag steel plant,0,0,0,0,0,0,0,0,0,0,0,0,0,0,0,0,0,0,0,0,0,0,0,0
ks5msFl0mk0,2022-11-11,271.0,1.0,632.0,-0.9933905601501464,ABN,vizag steel plant,0,0,0,0,0,0,0,0,0,0,0,0,0,0,0,0,0,0,0,0,0,0,0,0
EHu6II9qfgQ,2021-02-18,259.0,9.0,4534.0,-0.9990240335464478,Sakshi,vizag steel plant,1,0,0,0,0,0,0,0,1,0,0,1,0,0,0,0,0,0,1,0,0,0,1,0
dUM2QL4G4tA,2023-03-08,226.0,0.0,46766.0,-0.9899062514305116,TV9,vizag steel plant,0,0,0,0,0,0,0,0,0,0,0,0,0,0,0,0,0,0,0,0,0,0,0,0
xG9Q9g5mmF4,2022-12-09,245.0,4.0,2185.0,-0.9947564601898192,ABN,vizag steel plant,0,0,0,0,0,0,0,0,0,0,0,0,0,0,0,0,0,0,0,0,0,0,0,0
E7M9LzXo-AY,2023-04-13,211.0,2.0,1332.0,-0.992816686630249,TV5,vizag steel plant,0,0,0,0,0,0,0,0,0,0,0,0,0,0,0,0,0,0,0,0,0,0,0,0
s9SzHIoRE_o,2023-04-13,338.0,9.0,870.0,-0.9971965551376344,Sakshi,vizag steel plant,0,0,0,0,0,0,0,0,0,0,0,0,0,0,1,0,0,0,0,0,0,0,0,0
Eqsp8MEc9fo,2022-10-12,316.0,42.0,15494.0,0.998273491859436,TV5,vizag steel plant,0,0,0,0,0,0,0,0,0,0,0,0,0,0,0,0,0,0,0,0,0,0,0,0
QOnQ5wRQ47g,2023-04-12,299.0,12.0,7991.0,-0.9931975603103638,ABN,vizag steel plant,0,0,0,0,0,0,0,0,0,0,0,0,0,0,0,0,0,0,0,0,0,0,0,0
SwQYmJhXBUo,2022-12-21,235.0,11.0,2271.0,-0.9970744848251344,ABN,vizag steel plant,0,0,0,0,0,0,0,0,0,0,0,0,0,0,0,0,0,0,0,0,0,0,0,0
gsyT8U3V1nY,2022-11-12,352.0,1.0,1536.0,-0.9983654618263244,ABN,vizag steel plant,0,0,0,0,0,0,0,0,0,0,0,0,0,0,0,0,0,0,0,0,0,0,0,0
sJSrHFn_zKo,2023-03-21,325.0,54.0,32582.0,-0.9987221360206604,TV5,vizag steel plant,0,0,0,0,0,0,0,0,0,0,0,0,0,0,0,0,0,0,0,0,0,0,0,0
SEbPi0onGu0,2022-11-20,304.0,68.0,20924.0,-0.9975066781044006,TV9,vizag steel plant,0,0,0,0,0,0,0,0,0,0,0,0,0,0,0,0,0,0,0,0,0,0,0,0
Nhff1dzoIYU,2023-04-11,44.0,6.0,14852.0,-0.9955852031707764,ABN,vizag steel plant,0,0,0,0,0,0,0,0,0,0,0,1,0,0,0,0,0,0,0,0,0,0,0,0
g5Q000HGyxo,2023-04-18,275.0,4.0,2124.0,0.9976992011070251,TV9,vizag steel plant,0,0,0,0,0,0,0,0,0,0,0,0,0,0,0,0,0,0,0,0,0,0,0,0
iumjMDJCUBk,2023-04-14,141.0,2.0,2271.0,-0.9953263998031616,TV9,vizag steel plant,0,0,0,0,0,0,0,0,0,0,0,0,0,0,0,0,0,0,0,0,0,0,0,0
KkuQR6o-q_c,2022-11-09,327.0,3.0,1148.0,0.994843602180481,ABN,vizag steel plant,0,0,0,0,0,0,0,0,0,0,0,0,0,0,0,0,0,0,0,0,0,0,0,0
Q29urPG5o7E,2021-11-09,247.0,37.0,7953.0,-0.9991907477378844,Sakshi,vizag steel plant,0,0,0,0,0,0,0,0,0,0,0,0,0,0,0,0,0,0,0,0,0,0,0,0
VQDX3gDN41o,2022-10-12,293.0,362.0,97369.0,-0.9948556423187256,Sakshi,vizag steel plant,0,0,0,0,0,0,0,0,0,0,0,0,0,0,0,0,0,0,0,0,0,0,0,0
cJwBvK4QToE,2023-04-12,108.0,1.0,620.0,-0.9956411123275756,TV5,vizag steel plant,0,0,0,0,0,0,0,0,0,0,0,0,0,0,0,0,0,0,0,0,0,0,0,0
WJagTN7HPhA,2022-10-29,280.0,51.0,18440.0,-0.9992712140083312,TV5,vizag steel plant,0,0,0,0,0,0,0,0,0,0,0,0,0,0,0,0,0,0,0,0,0,0,0,0
fPIceOE-FbQ,2022-09-15,276.0,148.0,45282.0,-0.9863231182098388,TV5,vizag steel plant,0,0,0,0,0,0,0,0,0,0,0,1,0,0,0,0,0,0,0,0,0,0,0,0
_sILejKnMMc,2022-11-11,327.0,1.0,2522.0,-0.9908081889152528,TV5,vizag steel plant,0,0,0,0,0,0,0,0,0,0,0,0,0,0,0,0,0,0,0,0,0,0,0,0
7vavLGzqfpM,2023-04-11,117.0,3.0,3610.0,0.9896339178085328,TV9,vizag steel plant,0,0,0,0,0,0,0,0,0,0,0,0,0,0,0,0,0,0,0,0,0,0,0,0
6h1zX2ewaXI,2023-04-11,289.0,32.0,6106.0,-0.989059567451477,TV9,vizag steel plant,0,0,0,0,0,0,0,0,0,0,1,0,0,0,0,0,0,0,0,0,0,0,0,0
St61FRJpTM0,2023-04-11,279.0,11.0,3871.0,-0.9981940388679504,TV9,vizag steel plant,0,0,0,0,0,1,0,0,0,0,1,0,0,0,0,0,0,0,0,0,0,0,0,0
QXT03aDKWa4,2022-12-01,70.0,0.0,716.0,-0.9991350769996644,ABN,vizag steel plant,0,0,0,0,0,0,0,0,0,0,0,0,0,0,0,0,1,0,0,0,0,0,0,0
cNHOQo4MsDg,2022-11-12,180.0,8.0,3335.0,0.905691623687744,TV5,vizag steel plant,0,0,0,0,0,0,0,0,0,0,0,0,0,1,0,0,0,0,0,0,0,0,0,0
r_BRd4E0jpo,2023-04-21,163.0,4.0,1248.0,-0.9978906512260436,TV9,vizag steel plant,0,0,0,0,0,0,0,0,1,0,0,0,0,0,0,0,0,0,0,0,0,0,0,0
XNg7b90kBVI,2023-04-12,194.0,7.0,1682.0,-0.9976601600646972,TV9,vizag steel plant,0,0,0,0,0,0,0,1,0,0,0,1,1,0,0,0,0,0,0,0,0,0,1,0
9m6-l3KHTOs,2023-04-12,308.0,9.0,3409.0,0.9900924563407898,TV9,vizag steel plant,0,0,0,0,0,0,1,0,0,0,1,0,0,0,0,0,0,1,0,0,0,0,0,0
CLBzM46bljY,2023-03-18,290.0,7.0,11218.0,-0.997051239013672,ABN,vizag steel plant,0,0,0,0,0,0,0,0,1,0,0,0,0,0,0,0,0,0,0,0,1,0,1,0
YCWf6cM9aPU,2023-04-12,182.0,9.0,2513.0,-0.9959231615066528,TV9,vizag steel plant,0,0,0,0,0,0,0,1,0,0,1,0,1,0,0,0,0,0,0,0,1,0,0,0
I0__BQHfOvI,2023-04-11,255.0,24.0,49034.0,-0.9954453706741332,ABN,vizag steel plant,0,0,0,0,0,0,0,0,0,0,0,0,0,0,0,0,0,0,0,0,0,0,0,0
OSX9yUiTo8Q,2023-04-11,185.0,4.0,783.0,-0.9955909252166748,TV5,vizag steel plant,0,0,0,0,0,0,0,0,0,0,0,0,0,0,0,0,0,0,0,0,0,0,0,0
V6aduI68Ndw,2023-03-23,194.0,6.0,3856.0,-0.9980833530426024,ABN,vizag steel plant,0,0,0,0,0,0,0,0,0,0,0,0,0,0,0,0,0,0,0,0,0,0,0,0
eHXaVzca7e8,2023-03-07,295.0,4.0,1335.0,0.9918689727783204,TV9,vizag steel plant,0,0,0,0,0,0,0,0,0,0,0,0,0,0,0,0,0,0,0,0,0,0,0,0
UpTe1GVi7JY,2023-04-14,4065.0,32.0,11589.0,0.985161066055298,TV5,vizag steel plant,0,0,0,0,0,0,0,0,0,0,0,0,0,0,0,0,0,0,0,0,0,0,0,0
MklkiW_F2fE,2023-04-11,7105.0,4.0,15158.0,0.9825294017791748,TV9,vizag steel plant,0,0,0,0,0,0,0,0,0,0,0,0,0,0,0,0,0,0,0,0,0,0,0,0
meu2Aqo4I70,2023-04-17,181.0,12.0,2427.0,0.9965850114822388,TV9,vizag steel plant,0,0,0,0,0,0,0,0,0,0,0,0,0,0,0,0,0,0,0,0,0,0,0,0
GA2e1CqST2w,2023-04-11,215.0,2.0,1050.0,-0.9873814582824708,TV9,vizag steel plant,1,1,0,0,0,0,0,1,0,0,0,0,1,0,1,1,0,1,0,0,0,0,0,0
Rrn2skFCxgc,2023-04-11,57.0,0.0,1924.0,-0.9839611053466796,TV9,vizag steel plant,0,0,0,0,0,0,0,0,0,0,0,0,0,0,1,1,0,0,0,0,0,0,0,0
bZtxbd5hCMw,2022-11-09,69.0,0.0,492.0,0.9976599216461182,TV5,vizag steel plant,0,0,0,0,0,0,0,0,0,0,0,0,0,0,0,0,0,0,0,0,0,0,0,0
jaK45GDcXUU,2022-10-15,120.0,6.0,3705.0,-0.9983585476875304,TV5,vizag steel plant,0,0,0,0,0,0,0,0,0,0,0,0,0,0,0,0,0,0,0,1,0,0,0,0
KkXhhbtezAE,2023-01-12,169.0,2.0,1052.0,0.997477114200592,TV9,vizag steel plant,0,0,0,0,0,0,0,0,0,0,0,0,0,0,0,0,0,0,0,0,0,0,0,0
a-JO4Ns5NOA,2023-04-11,305.0,3.0,2364.0,0.9949790835380554,TV9,vizag steel plant,0,0,0,0,0,0,0,0,0,0,0,0,0,0,0,0,0,0,0,0,0,0,0,0
rUIY4whko0I,2023-04-21,235.0,6.0,4326.0,0.9884922504425048,TV9,vizag steel plant,0,1,0,0,0,0,0,0,0,0,1,0,0,0,0,0,1,1,0,0,0,0,0,1
8CpyLoLOeVI,2023-04-20,224.0,4.0,2271.0,0.9963292479515076,TV9,vizag steel plant,0,0,0,0,0,0,0,0,0,0,0,0,0,0,0,0,0,0,0,0,0,0,0,0
L_LfNgueKwM,2023-03-23,271.0,1.0,1109.0,-0.998754620552063,ABN,vizag steel plant,0,0,0,0,0,0,0,0,0,0,0,0,0,0,0,0,1,0,0,0,0,0,0,0
R1rPDfiKNK8,2023-04-20,165.0,0.0,1533.0,-0.9991340041160583,TV9,vizag steel plant,0,0,0,0,0,0,0,0,0,0,0,0,0,0,0,0,0,0,0,0,0,0,0,0
OjGBdJh81RU,2023-01-02,187.0,8.0,30347.0,-0.9882259964942932,TV9,vizag steel plant,0,0,0,0,0,0,0,0,0,0,0,0,0,0,0,0,0,0,0,0,0,0,0,0
98A7iozD1R4,2022-11-08,100.0,3.0,3364.0,-0.9903576970100404,TV5,vizag steel plant,0,0,0,0,0,0,0,0,0,0,0,0,0,0,0,0,0,0,0,0,0,0,0,0
Xwk6PMfmaYU,2023-04-17,104.0,46.0,2112.0,-0.9987351298332214,TV9,vizag steel plant,0,0,0,0,0,0,0,0,0,0,0,0,0,0,0,0,0,0,0,0,0,0,0,1
gELey6OvoPg,2021-12-13,236.0,130.0,27013.0,0.9721092581748962,Sakshi,vizag steel plant,0,0,0,0,0,0,0,0,1,0,0,0,0,0,0,0,1,0,1,0,0,1,1,0
pLN0r89rjFM,2023-04-17,95.0,48.0,5693.0,-0.9983355402946472,TV9,vizag steel plant,0,0,0,0,0,0,0,0,0,0,0,0,0,0,0,0,0,0,0,0,0,0,0,1
PYFl6dzyBJA,2022-11-08,235.0,16.0,2107.0,-0.9986901879310608,ABN,vizag steel plant,1,0,0,0,0,0,0,0,0,0,0,0,0,1,0,0,0,0,0,0,0,0,0,0
aTmnV6ZfK2U,2023-04-13,59.0,6.0,1724.0,0.984014332294464,TV9,vizag steel plant,0,0,0,0,0,0,0,0,0,0,0,0,0,0,0,0,0,0,0,0,0,0,0,0
QRvW6YN5CyA,2023-04-15,33.0,0.0,1275.0,0.9981206059455872,TV9,vizag steel plant,0,0,0,0,0,0,0,0,0,0,0,0,0,0,0,0,0,0,0,0,0,0,0,0
hdo0L6KMShE,2023-04-15,357.0,5.0,4390.0,0.9940199851989746,TV9,vizag steel plant,0,0,0,0,0,0,0,0,0,0,0,0,0,0,0,0,0,0,0,0,0,1,1,0
sER9_ZItqPM,2023-04-11,318.0,9.0,3173.0,-0.997162401676178,TV9,vizag steel plant,1,1,0,0,0,0,0,1,0,0,0,0,1,0,1,1,0,1,0,0,0,0,0,0
Wbwf5XVgCeo,2021-12-13,253.0,124.0,15357.0,-0.9958141446113586,Sakshi,vizag steel plant,0,0,0,0,0,0,0,0,1,0,0,0,0,0,0,0,1,0,1,0,0,1,1,0
yrm716HC9Jo,2023-04-14,275.0,1.0,579.0,-0.9980857372283936,ABN,vizag steel plant,0,0,0,0,0,0,0,0,0,0,0,0,0,1,0,0,0,0,0,0,0,0,0,0
q3mObreVexA,2023-04-10,205.0,56.0,8541.0,-0.9976364374160768,TV9,vizag steel plant,0,0,0,0,0,0,1,0,1,0,0,0,0,0,0,0,0,0,0,0,0,0,0,0
8sbXYLXmc3w,2023-04-13,183.0,43.0,10622.0,-0.9977555871009828,TV9,vizag steel plant,0,0,0,0,0,0,0,0,0,0,0,0,0,0,0,0,0,0,0,0,0,0,0,0
kFnKv6hOmco,2021-02-16,199.0,0.0,761.0,0.9821369051933287,Sakshi,vizag steel plant,0,0,0,0,0,0,0,0,0,0,0,0,0,0,0,0,0,0,0,0,0,0,0,0
vW4gw-DHJBs,2022-11-20,245.0,5.0,3391.0,0.9848263263702391,TV5,vizag steel plant,0,0,0,0,0,0,0,0,0,0,0,0,0,0,0,0,1,0,0,0,0,0,0,0
Hvvd5weZN-o,2023-01-03,314.0,0.0,1657.0,0.9890583157539368,ABN,vizag steel plant,0,0,0,0,0,0,0,0,0,0,0,0,0,0,0,0,0,0,0,0,0,0,0,0
CdCQahtrZiQ,2023-04-10,260.0,36.0,13498.0,-0.9869982600212096,TV5,vizag steel plant,0,0,0,0,0,0,0,0,0,0,0,0,0,0,0,0,0,0,0,0,0,0,0,0
aYsvbRLdRLA,2022-11-09,75.0,0.0,994.0,-0.9920694828033448,TV5,vizag steel plant,0,0,0,0,0,0,0,0,0,0,0,0,0,0,0,0,0,0,0,0,0,0,0,0
fUK3gpRgtfg,2023-04-11,347.0,18.0,9696.0,-0.9849971532821656,Sakshi,vizag steel plant,1,1,0,0,0,0,0,1,1,0,0,0,1,0,1,1,0,0,0,0,1,0,0,0
_xtfuFWre5U,2022-11-26,72.0,0.0,364.0,-0.99429190158844,TV9,vizag steel plant,0,0,0,0,0,0,0,0,0,0,0,0,0,0,0,0,0,0,0,0,0,0,0,0
c6f9MDXJb7k,2021-12-13,233.0,57.0,12907.0,-0.9990498423576356,Sakshi,vizag steel plant,0,0,0,0,0,0,0,0,1,0,0,0,0,0,0,0,1,0,1,0,0,1,1,0
id9IXnw1O2E,2021-12-13,397.0,88.0,11377.0,-0.9971287846565248,Sakshi,vizag steel plant,1,0,0,0,0,0,0,1,1,1,0,0,0,0,1,1,1,0,1,0,0,0,1,0
iziqz86SRR8,2022-10-16,446.0,14.0,4372.0,-0.9975278973579408,TV5,vizag steel plant,0,0,0,0,0,0,0,0,0,0,0,0,0,0,0,0,0,0,0,0,0,0,0,1
l3MfVr50qgM,2023-04-15,159.0,25.0,6150.0,-0.9874383807182312,TV9,vizag steel plant,0,0,0,0,0,0,0,0,0,0,0,0,0,0,0,0,0,0,0,0,0,0,0,0
orI9-_nxVQQ,2023-04-13,122.0,14.0,3371.0,0.9984714388847352,TV9,vizag steel plant,0,0,0,0,0,0,0,0,0,0,0,0,0,0,0,0,0,0,0,0,0,0,0,0
EpnSSn5yf40,2023-04-13,191.0,5.0,2126.0,-0.9924048781394958,ABN,vizag steel plant,0,0,0,0,0,0,0,0,0,0,0,0,0,0,1,0,0,0,0,0,0,0,0,0
XyCF4UImXmA,2023-04-12,187.0,5.0,2578.0,-0.992997109889984,TV9,vizag steel plant,0,0,0,0,0,0,0,0,0,0,1,0,0,0,0,0,0,0,0,0,0,0,0,0
bkKNGEQhoKE,2023-04-11,205.0,15.0,4795.0,-0.9961299896240234,TV9,vizag steel plant,0,0,0,0,0,0,0,0,0,0,0,0,0,0,0,0,0,0,0,0,0,0,0,0
FODQac6Tjvk,2023-04-15,61.0,0.0,731.0,0.7697749137878418,TV9,vizag steel plant,0,0,0,0,0,0,0,0,0,0,0,0,0,0,0,0,0,0,0,0,0,0,0,0
zjjZVdqOvB0,2023-04-15,139.0,0.0,639.0,0.994873821735382,TV9,vizag steel plant,0,0,0,0,0,0,0,0,0,0,0,0,0,0,0,0,0,0,0,0,0,0,0,0
0-3JaWXd4ro,2022-11-10,307.0,0.0,580.0,-0.998757004737854,ABN,vizag steel plant,0,0,0,0,0,0,0,0,0,0,0,0,0,0,0,0,0,0,0,0,0,0,0,0
0DL1hPQok1g,2023-03-14,213.0,0.0,399.0,-0.9928529858589172,TV5,vizag steel plant,0,0,0,0,0,0,0,0,0,0,0,0,0,0,0,0,0,0,0,0,0,0,0,0
LOmRZPbUI5w,2023-03-07,262.0,1.0,789.0,-0.9989147186279296,TV9,vizag steel plant,0,0,0,0,0,0,0,0,0,0,0,0,0,0,0,0,0,0,0,0,0,0,0,0
hQLCxoQlMV0,2021-12-13,633.0,114.0,48971.0,-0.9994385838508606,Sakshi,vizag steel plant,0,0,0,0,0,0,0,0,0,0,0,0,0,0,0,0,0,0,0,0,0,0,0,0
MjUKznUB7Uw,2023-01-10,270.0,8.0,3036.0,-0.998596727848053,TV9,vizag steel plant,0,0,0,0,0,0,0,0,0,0,0,0,0,1,0,0,0,0,0,1,0,0,0,0
v3Y1-ab4h9Y,2023-04-11,355.0,19.0,9417.0,-0.9939152598381042,ABN,vizag steel plant,0,0,0,0,0,0,0,0,0,0,0,0,0,0,0,0,0,0,0,0,0,0,0,0
VVc-SJjChxw,2023-04-13,326.0,5.0,3409.0,0.9944369792938232,TV9,vizag steel plant,0,0,0,0,0,0,0,0,0,0,0,0,0,0,0,0,0,0,0,0,0,0,0,0
UV7TI60yEac,2022-10-31,135.0,6.0,7659.0,0.9884762763977052,TV5,vizag steel plant,0,0,0,0,0,0,0,0,0,0,0,0,0,0,0,0,0,0,0,0,0,0,0,1
l0JDziIzfmg,2023-04-20,252.0,0.0,1483.0,0.9958749413490297,TV9,vizag steel plant,0,0,0,0,0,0,0,0,0,0,0,0,0,0,0,0,0,0,0,0,0,0,0,0
gcazNpby5dw,2023-04-13,211.0,110.0,48950.0,-0.9853479266166688,TV9,vizag steel plant,0,0,1,1,0,0,0,0,0,0,1,0,1,0,0,0,0,0,0,0,0,0,0,0
mZ2ljUHebN8,2021-02-17,414.0,3.0,4553.0,-0.9874438643455504,Sakshi,vizag steel plant,0,0,0,0,0,0,0,0,0,0,0,0,0,0,0,0,0,0,0,0,0,0,0,0
vZ2juTP9SFk,2022-12-29,17.0,372.0,488019.0,0.995890200138092,ABN,vizag steel plant,0,0,0,0,0,0,0,0,0,0,0,0,0,0,0,0,0,0,0,0,0,0,0,0
MitgrPIXVUk,2022-11-11,217.0,1.0,1097.0,-0.998784363269806,TV5,vizag steel plant,0,0,0,0,0,0,0,0,0,0,0,0,0,0,0,0,0,0,0,0,0,0,1,0
P8sIfBJJMfA,2022-10-08,230.0,13.0,3917.0,-0.9983131885528564,TV5,vizag steel plant,0,0,0,0,0,0,0,0,0,0,0,0,0,0,0,0,0,0,0,0,0,0,0,0
x0iSn86q5yI,2022-11-13,100.0,4.0,1044.0,-0.9992092251777648,ABN,vizag steel plant,0,0,0,0,0,0,0,0,0,0,0,0,0,0,0,0,0,0,0,0,0,0,0,0
mjKoeiNPMmY,2021-02-17,228.0,1.0,4760.0,0.991859257221222,Sakshi,vizag steel plant,0,0,0,0,0,0,0,0,0,0,0,0,0,0,0,0,0,0,0,0,0,0,0,0
Ps9Y0X2jnTE,2023-04-10,154.0,4.0,1619.0,0.9794533848762512,TV9,vizag steel plant,0,0,0,0,0,0,0,0,0,0,0,0,0,0,0,0,0,0,0,0,0,0,0,0
sNwZf97Lckw,2023-04-10,399.0,1.0,1276.0,-0.99765282869339,TV9,vizag steel plant,0,0,0,0,0,0,0,0,0,0,0,0,0,0,0,0,0,0,0,0,0,0,0,0
wnlXaw9YLGE,2023-03-03,300.0,16.0,3051.0,0.9978378415107728,TV9,vizag steel plant,0,0,0,0,0,0,0,0,0,0,0,0,0,0,0,0,0,0,0,0,0,0,0,0
mNLk4t1Ctp8,2022-04-02,203.0,139.0,47778.0,-0.996659517288208,Sakshi,vizag steel plant,0,0,0,0,0,0,0,0,1,0,0,0,0,0,0,0,0,0,0,0,1,0,1,0
1lNCTvW-2H4,2021-08-30,223.0,3.0,725.0,0.9952213168144226,Sakshi,vizag steel plant,0,0,0,0,0,0,0,0,0,0,0,0,0,0,0,0,0,0,0,0,0,0,0,1
KAAuo0UsgnU,2023-04-10,158.0,6.0,1618.0,-0.9947525262832642,TV9,vizag steel plant,0,0,0,0,0,0,0,0,0,0,0,0,0,0,0,0,0,0,0,0,0,0,0,0
sGRStIlqIHU,2023-04-11,259.0,1.0,699.0,0.9947509169578552,TV5,vizag steel plant,0,0,0,0,0,0,0,0,0,0,0,0,0,0,0,0,0,0,0,0,0,0,0,0
LMEr-Fthwa8,2023-04-11,308.0,9.0,2164.0,-0.9884248971939088,TV9,vizag steel plant,0,0,0,0,0,0,0,0,0,0,0,0,0,0,0,0,0,0,0,0,0,0,0,0
-QnPsWLVn-o,2023-04-11,111.0,0.0,289.0,-0.9977703094482422,TV5,vizag steel plant,0,0,0,0,0,0,0,0,0,0,0,0,0,0,0,0,0,0,0,0,0,0,0,0
I5__sFcrmLU,2023-03-28,199.0,0.0,314.0,-0.9957857728004456,ABN,vizag steel plant,0,0,0,0,0,0,0,0,0,0,0,0,0,0,0,0,0,0,0,0,0,0,0,0
aMJauyF9ov8,2023-04-11,175.0,2.0,3114.0,-0.99345725774765,ABN,vizag steel plant,0,0,0,0,0,0,0,0,0,0,0,0,0,0,0,0,0,0,0,0,0,0,0,0
kuI67j-S8kw,2023-03-15,227.0,13.0,2367.0,-0.9979089498519896,TV9,vizag steel plant,0,0,0,1,0,0,0,0,0,0,0,0,0,0,0,0,0,1,0,0,0,0,0,0
xJqyz-Aj41A,2022-11-04,78.0,3.0,991.0,-0.9973196387290956,ABN,vizag steel plant,0,0,0,0,0,0,0,0,0,0,0,0,0,0,0,0,0,0,0,0,0,0,0,0
KoJJjBRNeJY,2023-04-11,616.0,6.0,1598.0,-0.993561029434204,Sakshi,vizag steel plant,0,0,0,0,0,0,0,0,0,0,0,0,0,0,0,0,0,0,0,0,0,0,0,0
_OY0BG2-dfA,2021-12-10,251.0,2.0,2960.0,-0.9994237422943116,Sakshi,vizag steel plant,0,0,0,0,0,0,0,0,0,0,0,0,0,0,0,0,0,0,0,0,0,0,0,0
UWu6MxmhGJs,2021-02-20,247.0,10.0,3203.0,0.9985472559928894,Sakshi,vizag steel plant,0,0,0,0,0,0,0,0,1,0,0,0,1,0,0,0,1,0,1,0,0,0,1,0
mdA9_I6WkU8,2023-03-14,315.0,76.0,44950.0,-0.9980424642562866,ABN,vizag steel plant,0,0,0,0,0,0,0,0,0,0,0,0,0,0,0,0,0,0,0,0,0,0,0,1
n6BsLePzuYI,2023-01-31,688.0,5.0,2447.0,0.9927124977111816,Sakshi,vizag steel plant,0,0,0,0,0,0,0,0,0,0,0,0,0,0,0,0,0,0,0,0,0,0,0,0
EymTevzI-SI,2023-04-13,224.0,315.0,62512.0,-0.9970670342445374,Sakshi,vizag steel plant,0,0,0,1,0,0,0,0,0,0,0,0,0,0,1,0,0,0,0,0,0,0,0,0
dPYIYTAiJTM,2023-04-13,346.0,7.0,2527.0,-0.996764063835144,TV9,vizag steel plant,0,0,0,1,0,0,0,0,0,0,0,0,0,0,0,0,0,0,0,0,0,0,0,0
h1ju1SGctfY,2023-04-11,207.0,0.0,1973.0,-0.9878427982330322,TV9,vizag steel plant,0,0,0,0,0,0,0,0,0,0,1,0,0,0,0,0,1,0,0,0,0,0,0,0
CR9ND-rhpaQ,2022-11-12,235.0,3.0,2208.0,-0.999467670917511,TV5,vizag steel plant,0,0,0,0,0,0,0,0,0,0,0,0,0,0,0,0,0,0,0,0,0,0,0,0
VH67tOcfgY8,2023-04-10,101.0,1.0,645.0,-0.992533802986145,TV5,vizag steel plant,0,0,0,0,0,0,0,0,0,0,0,0,0,0,0,0,0,0,0,0,0,0,0,0
kozh8Y_ACLE,2023-02-24,275.0,0.0,402.0,-0.998512089252472,TV9,vizag steel plant,0,0,0,0,0,0,0,0,0,0,0,0,0,0,0,0,0,0,0,0,0,0,0,0
WtHCukAuCng,2022-10-10,95.0,0.0,1958.0,-0.996742308139801,TV5,vizag steel plant,0,0,0,0,0,0,0,0,0,0,0,0,0,0,0,0,0,0,0,0,0,0,1,0
ly-CnDcNqj8,2023-01-11,232.0,1.0,1737.0,-0.9896592497825624,TV9,vizag steel plant,0,0,0,0,0,0,0,0,0,0,0,0,0,0,0,0,0,0,0,0,0,0,0,0
LfBqOBbF1-c,2023-04-11,325.0,20.0,4609.0,-0.9965524673461914,ABN,vizag steel plant,0,0,0,0,0,0,0,0,0,0,0,0,0,0,0,0,0,0,0,0,0,0,0,0
VHzx0OYJ1Eo,2021-02-16,274.0,2.0,3615.0,0.9959558248519896,Sakshi,vizag steel plant,1,0,0,0,0,0,0,0,0,1,0,0,0,0,0,0,0,0,0,0,0,0,1,0
ENv9bOpS5hA,2021-02-17,742.0,0.0,4442.0,0.998664379119873,Sakshi,vizag steel plant,0,0,0,0,0,0,0,0,0,0,0,0,0,0,0,0,0,0,0,0,0,0,0,0
0eByJbEzaa0,2022-09-13,295.0,8.0,4841.0,-0.9988844990730286,TV5,vizag steel plant,0,0,0,0,0,0,0,0,0,1,0,0,0,1,0,0,0,0,0,0,0,0,0,0
EFPjK8Dn3b4,2023-04-18,321.0,24.0,45912.0,0.9623546600341796,TV9,vizag steel plant,0,0,0,0,0,0,0,0,0,0,0,0,0,0,0,0,0,0,0,0,0,0,0,0
cM-h8LnbmdM,2023-04-13,135.0,28.0,96638.0,-0.9969528913497924,TV5,vizag steel plant,0,0,0,0,0,0,0,0,0,0,0,0,0,0,0,0,0,0,0,0,0,0,0,0
BaPwBIhHzA0,2023-04-13,160.0,6.0,3013.0,0.9969452023506165,TV9,vizag steel plant,0,0,0,1,0,0,0,0,0,0,0,0,0,0,1,0,0,0,0,0,0,0,0,0
Dexg-0HYVuc,2023-04-02,60.0,1.0,888.0,-0.993334412574768,TV9,vizag steel plant,0,0,0,0,0,0,0,0,0,0,0,0,0,0,0,0,0,0,0,0,0,0,0,0
x75nh-vfWXo,2021-02-20,258.0,3.0,1530.0,0.9979373216629028,Sakshi,vizag steel plant,0,0,0,0,0,0,0,0,0,0,0,0,0,0,0,0,0,0,0,0,0,0,0,0
C_RD6fg3ExI,2022-08-29,158.0,5.0,8670.0,-0.9921116828918456,TV5,vizag steel plant,0,0,0,0,0,0,0,0,0,0,0,0,0,0,0,0,0,0,0,0,0,0,0,0
0Q4RTyi1L2Y,2023-04-13,284.0,2.0,787.0,0.9936833381652832,ABN,vizag steel plant,0,0,0,0,0,0,0,0,0,0,0,0,0,0,0,0,0,0,0,0,0,0,0,0
EPyEk3yxEdI,2023-04-13,159.0,0.0,990.0,0.9814824461936952,TV9,vizag steel plant,0,0,1,0,0,0,0,0,0,0,0,0,0,0,0,0,0,0,0,0,0,0,0,0
cdCLen52YUM,2023-04-13,215.0,12.0,22039.0,-0.9944341778755188,TV5,vizag steel plant,0,0,0,0,0,0,0,0,0,0,0,0,0,0,0,0,1,0,0,0,0,0,0,0
Ozbk0XsRoT4,2023-04-15,45.0,1.0,324.0,0.9964779019355774,TV5,vizag steel plant,0,0,0,0,0,0,0,0,0,0,0,0,0,0,0,0,0,0,0,0,0,0,0,0
5S99LH64_-U,2023-04-13,342.0,7.0,1010.0,-0.9820811152458192,TV9,vizag steel plant,0,0,0,0,0,0,0,0,0,0,0,0,0,0,0,0,0,0,0,0,0,0,0,0
yCeRnYZGcWw,2023-04-10,266.0,1.0,928.0,-0.9979400038719176,TV9,vizag steel plant,0,0,0,0,0,0,1,0,0,0,0,0,0,0,0,0,0,0,0,0,0,0,0,0
RCiz13eOTiE,2023-02-11,235.0,2.0,2691.0,-0.9858426451683044,ABN,vizag steel plant,0,0,0,0,0,0,0,0,0,0,0,0,0,0,0,0,0,0,0,0,0,0,0,0
cSZ_qRMLZFU,2023-04-14,39.0,1.0,7527.0,0.9930393099784852,ABN,vizag steel plant,0,0,0,0,0,0,0,0,0,0,0,0,0,0,0,0,0,0,0,0,0,0,0,0
OVIJAykllYg,2023-04-11,309.0,2.0,1073.0,-0.9975639581680298,ABN,vizag steel plant,0,0,0,0,0,0,0,0,0,0,0,0,0,0,0,0,0,0,0,0,0,0,0,0
sQeJY_lCjY4,2022-11-11,85.0,1.0,540.0,-0.983562171459198,TV5,vizag steel plant,0,0,0,0,0,0,0,0,0,0,0,0,0,0,0,0,0,0,0,0,0,0,0,0
qTmtxVQxdKc,2023-04-11,58.0,2.0,7035.0,0.9582758545875548,ABN,vizag steel plant,0,0,0,0,0,0,0,0,0,0,0,0,0,0,0,0,0,0,0,0,0,0,0,0
Gh-CjTAqaXg,2023-01-03,218.0,19.0,150748.0,-0.9903296232223512,TV9,vizag steel plant,0,0,0,0,0,0,0,0,0,0,0,0,0,0,0,0,0,0,0,0,0,0,0,0
aV4mjaJQMxQ,2023-04-17,108.0,269.0,28808.0,-0.9888150095939636,TV9,vizag steel plant,0,0,0,0,0,0,0,0,0,0,0,0,0,0,0,0,0,0,0,0,0,0,0,0
ZD28cGdNkKA,2023-04-02,138.0,6.0,2020.0,-0.9398004412651062,TV9,vizag steel plant,0,0,0,0,0,0,0,0,0,0,0,0,0,0,0,0,0,0,0,0,0,0,0,0
AVTW02gGUUk,2023-03-10,205.0,1.0,620.0,-0.9978610873222352,TV5,vizag steel plant,0,0,0,0,0,0,0,0,0,0,0,0,0,0,0,0,0,0,0,0,0,0,0,0
ZP_qqLOmBME,2023-04-12,305.0,1.0,1330.0,0.8712524175643921,TV5,vizag steel plant,0,0,0,0,0,0,0,0,0,0,0,0,0,0,0,0,0,0,0,0,0,0,0,0
3k6iX4RuEBk,2023-04-02,262.0,12.0,1556.0,0.9782910346984864,TV5,vizag steel plant,0,0,0,0,0,0,0,0,0,0,0,0,0,0,0,0,0,0,0,0,0,0,0,0
DPV4PFuZT4g,2023-04-11,289.0,1.0,1894.0,0.9976744055747986,Sakshi,vizag steel plant,0,0,0,0,0,0,0,0,0,0,0,0,0,0,0,0,0,0,0,0,0,0,0,0
Om3OQJLGctk,2023-04-10,390.0,3.0,1759.0,-0.9953033924102784,TV5,vizag steel plant,0,0,0,0,0,0,0,0,0,0,0,0,0,0,0,0,0,0,0,0,0,0,0,0
ZKM20-_ihRo,2023-03-04,116.0,1.0,1119.0,-0.9964800477027892,ABN,vizag steel plant,0,0,0,0,0,0,0,0,0,0,0,0,0,0,0,0,0,0,0,0,0,0,0,0
JCbEdubwiFE,2022-10-08,329.0,53.0,22829.0,0.9727538228034972,TV5,vizag steel plant,0,1,0,0,1,0,0,0,0,0,0,1,0,0,0,0,0,0,0,0,0,0,0,0
TcHHcz2gnVc,2023-04-13,309.0,23.0,6512.0,-0.9838107824325562,TV9,vizag steel plant,0,0,0,1,1,0,1,0,0,0,1,0,1,0,0,0,0,0,0,0,0,0,0,0
MdlrmXSP8pM,2022-10-21,282.0,0.0,951.0,-0.7571656107902527,ABN,vizag steel plant,0,0,0,0,0,0,0,0,0,0,0,0,0,0,0,0,0,0,0,0,0,0,0,0
Rj6_78gIRsY,2022-10-07,329.0,8.0,3053.0,-0.9979896545410156,TV5,vizag steel plant,0,0,0,0,0,0,0,0,0,0,0,0,0,0,0,0,0,0,0,0,0,0,0,0
1nT07JIoqGc,2021-02-20,79.0,2.0,711.0,0.9984126091003418,Sakshi,vizag steel plant,0,0,0,0,0,0,0,0,0,0,0,0,0,0,0,0,0,0,0,0,0,0,0,0
NO1u8KVFPto,2022-10-15,251.0,3.0,1451.0,-0.9895400404930116,TV5,vizag steel plant,0,0,0,0,0,0,0,0,0,0,0,0,0,0,0,0,0,0,0,0,0,0,0,0
XPoJJy6Jolg,2022-09-15,300.0,18.0,5960.0,0.9946139454841614,TV5,vizag steel plant,0,0,0,0,0,0,0,0,0,0,0,0,0,0,0,0,0,0,0,0,0,0,0,0
pCisqwf9n6M,2022-07-10,342.0,115.0,113276.0,0.9983918070793152,Sakshi,vizag steel plant,0,0,0,0,0,0,0,0,0,0,0,0,1,0,0,0,0,0,1,1,1,0,0,0
QEkGRV_EScE,2022-11-21,254.0,0.0,2432.0,0.9861149787902832,TV5,vizag steel plant,0,0,0,0,0,0,0,0,0,0,0,0,0,0,0,0,0,0,0,0,0,0,0,0
ZhfttMa-3Us,2023-04-15,109.0,4.0,2000.0,-0.9891479015350342,TV9,vizag steel plant,0,0,0,0,0,0,0,0,0,0,0,0,0,0,0,0,0,0,0,0,0,0,0,0
HlMSqFmgRyg,2021-02-20,233.0,4.0,2983.0,0.9969130754470824,Sakshi,vizag steel plant,0,0,0,0,0,0,0,0,0,0,0,0,0,0,0,0,0,0,0,0,0,0,0,0
Su9byY0o4BU,2021-02-20,145.0,1.0,2399.0,0.8991981744766235,Sakshi,vizag steel plant,0,0,0,0,0,0,0,0,0,0,0,0,0,0,0,0,0,0,0,0,0,0,0,0
eSjEgUWv_Aw,2023-04-20,20.0,0.0,337.0,-0.9968219995498656,TV9,vizag steel plant,0,0,0,0,0,0,0,0,0,0,1,0,0,0,0,0,0,0,0,0,0,0,0,0
QR-leyjBEfE,2023-03-21,305.0,87.0,22793.0,-0.9893590211868286,TV5,vizag steel plant,0,0,0,0,0,0,0,0,0,0,0,0,0,0,0,0,0,0,0,0,0,0,0,0
AFOsh7RcjS0,2023-03-15,267.0,5.0,1072.0,0.9945277571678162,TV5,vizag steel plant,0,0,0,0,0,0,0,0,0,0,0,0,0,0,0,0,0,0,0,0,0,0,0,0
SS3-yKqP2y4,2023-04-12,126.0,3.0,3605.0,-0.9992524981498718,TV9,vizag steel plant,0,0,1,0,0,0,0,0,0,0,0,0,0,0,0,0,0,0,0,0,0,0,0,0
sCY__sMm1aM,2023-04-20,188.0,0.0,366.0,-0.9970344305038452,TV9,vizag steel plant,0,0,0,0,0,1,0,1,0,1,0,0,0,0,0,0,0,1,0,0,0,0,0,0
AiwDBk9xcvM,2022-11-09,277.0,7.0,6702.0,-0.9987090826034546,TV5,vizag steel plant,0,0,0,0,0,0,0,0,0,0,0,0,0,0,0,0,0,0,0,0,0,0,0,0
-K1whv7t7lA,2023-04-12,194.0,29.0,11600.0,0.9898513555526732,TV9,vizag steel plant,0,0,0,0,0,0,0,0,1,0,0,0,0,0,1,0,0,0,0,0,0,0,0,0
kmbdNug4hY0,2023-03-28,108.0,6.0,4178.0,-0.9987503290176392,TV5,vizag steel plant,0,0,0,0,0,0,0,0,0,0,0,0,0,0,1,0,0,0,0,0,0,0,0,0
nYgIJw2vo68,2022-11-09,502.0,2.0,1557.0,0.9910564422607422,TV5,vizag steel plant,0,0,0,0,0,0,0,0,0,0,0,0,0,0,0,0,0,0,0,0,0,0,0,0
wdZBOG_U0ss,2023-04-13,440.0,19.0,5131.0,-0.9975807666778564,ABN,vizag steel plant,0,0,0,0,0,0,0,0,0,0,0,0,0,0,0,0,0,0,0,0,0,0,0,0
lJOqNB3VdZ0,2023-04-13,194.0,1.0,641.0,-0.9988163709640504,TV9,vizag steel plant,0,0,0,0,0,0,0,1,0,0,0,1,1,0,0,0,0,0,0,0,0,0,0,0
BWicYjuDMro,2021-02-20,304.0,8.0,1466.0,0.9975306391716005,Sakshi,vizag steel plant,0,0,0,0,0,0,0,0,0,0,0,0,0,0,0,0,0,0,0,0,0,0,0,0
N34owEuvzgE,2023-04-20,300.0,0.0,973.0,-0.9994462132453918,TV9,vizag steel plant,0,0,0,0,0,0,0,0,0,0,0,0,0,0,0,0,0,0,0,0,0,0,0,0
npcPVdaCAi0,2023-04-11,303.0,4.0,3383.0,0.9955052137374878,ABN,vizag steel plant,0,0,0,0,0,0,0,0,0,0,0,0,0,0,0,0,0,1,0,0,0,0,0,0
7vrYNKY2NuQ,2023-04-14,315.0,3.0,2349.0,0.985288679599762,TV9,vizag steel plant,0,0,0,0,0,0,0,0,1,0,0,0,0,0,0,0,0,0,0,0,0,0,0,0
rNipZrG4Xo8,2023-04-11,271.0,22.0,2941.0,-0.8290882706642151,TV9,vizag steel plant,0,0,0,0,0,0,0,0,0,0,0,0,0,0,0,0,0,0,1,0,0,0,0,0
VGoPSE_8CtY,2023-04-11,175.0,7.0,3591.0,-0.9979621171951294,ABN,vizag steel plant,0,0,0,0,0,0,0,0,0,0,0,0,0,0,0,0,0,0,0,0,0,0,0,0
F6tG2vFPc_E,2023-04-12,58.0,1.0,6066.0,-0.9899623394012452,ABN,vizag steel plant,0,0,0,0,0,0,0,0,0,0,0,0,0,0,0,0,0,0,0,0,0,0,0,0
147LNyoqOFg,2023-04-21,269.0,0.0,426.0,0.9395031929016112,ABN,vizag steel plant,0,0,0,0,0,0,0,0,0,0,0,0,0,0,0,0,0,0,0,0,0,0,0,0
fW6glREmINM,2023-04-11,195.0,8.0,3416.0,-0.9884148836135864,TV9,vizag steel plant,0,0,0,0,0,0,0,0,0,0,0,0,0,0,1,1,0,0,0,0,0,0,0,0
XbsB9zx-FHA,2023-04-13,326.0,5.0,2997.0,-0.9970978498458862,ABN,vizag steel plant,0,0,0,0,0,0,0,0,0,0,0,0,0,0,0,0,0,0,0,0,0,0,0,0
YCGw-7Dlbxc,2023-04-15,237.0,0.0,647.0,-0.975341260433197,ABN,vizag steel plant,0,0,0,0,0,0,0,0,0,0,0,0,0,0,0,0,0,0,0,0,0,0,0,0
aMhccqkCWTk,2022-11-09,448.0,3.0,3308.0,-0.9960343241691588,TV5,vizag steel plant,0,0,0,0,0,0,0,0,0,0,0,0,0,1,0,0,0,0,0,0,0,0,0,0
gC9kCTrYYbQ,2022-12-29,98.0,0.0,215.0,0.9981365203857422,TV5,vizag steel plant,0,0,0,0,0,0,0,0,0,0,0,0,0,0,0,0,0,0,0,0,0,0,0,0
l1MvVQQKBDw,2022-08-28,240.0,106.0,53165.0,0.9956230521202089,TV5,vizag steel plant,0,0,0,0,0,0,0,0,0,0,0,0,0,0,0,0,0,0,0,0,0,0,0,0
deUaKSqKx34,2023-01-18,296.0,1.0,1028.0,-0.997672975063324,TV9,vizag steel plant,0,0,0,0,0,0,0,0,0,0,0,0,0,0,0,0,0,0,0,0,0,0,0,0
wbGCw5WvGKg,2023-04-04,223.0,2.0,1202.0,-0.9976231455802916,ABN,vizag steel plant,0,0,0,0,0,0,0,0,0,0,0,0,0,0,0,0,0,0,0,0,0,0,0,0
UpbwYe3KtbI,2021-02-20,1019.0,11.0,3871.0,0.9838857650756836,Sakshi,vizag steel plant,0,0,0,0,0,0,0,0,0,0,0,0,0,0,0,0,0,0,0,0,0,0,0,0
lpR2Fy1CLvk,2023-04-11,264.0,0.0,254.0,-0.9959087371826172,ABN,vizag steel plant,0,0,0,0,0,0,0,0,0,0,0,0,0,0,0,0,0,0,0,0,0,0,0,0
SUmfripxAQs,2023-04-21,56.0,6.0,8025.0,0.9913970232009888,ABN,vizag steel plant,0,0,0,0,0,0,0,0,0,0,0,0,0,0,0,0,0,0,0,0,0,0,0,0
EC9L9KQ-h9Y,2023-04-14,320.0,3.0,832.0,-0.998360812664032,TV5,vizag steel plant,0,0,0,0,0,0,0,0,0,0,0,0,0,0,0,0,0,0,0,0,0,0,0,0
htgMHNeuh8Q,2023-04-14,530.0,23.0,4001.0,-0.9980820417404176,TV5,vizag steel plant,0,0,0,0,0,0,0,0,0,0,0,0,0,0,0,0,0,0,0,0,0,0,0,0
Ri_QHpVS4uQ,2021-02-18,48.0,2.0,856.0,-0.9914246797561646,Sakshi,vizag steel plant,0,0,0,0,0,0,0,0,0,0,0,0,0,0,0,0,0,0,0,0,0,0,0,0
qioL9nD4tDs,2023-04-15,112.0,1.0,1357.0,-0.9910815954208374,TV9,vizag steel plant,0,0,0,0,0,0,0,0,0,0,0,0,0,0,0,0,0,0,0,0,0,0,0,0
XA9UlZD_ksk,2021-02-17,454.0,6.0,6869.0,0.9965347051620485,Sakshi,vizag steel plant,0,0,0,0,0,0,0,0,0,0,0,0,0,0,0,0,0,0,0,0,0,0,0,0
PtSUcns_9Gw,2023-04-17,210.0,6.0,2440.0,-0.9979518055915833,ABN,vizag steel plant,0,0,0,0,0,0,0,0,0,0,0,0,0,0,1,0,0,0,0,0,0,0,0,0
Kj0adHdU3co,2021-02-20,307.0,5.0,2042.0,0.9987024068832396,Sakshi,vizag steel plant,0,0,0,0,0,0,0,0,0,0,0,0,0,0,0,0,0,0,0,0,0,0,0,0
CdITS600EU8,2023-04-17,145.0,7.0,2130.0,-0.9902878999710084,TV9,vizag steel plant,0,0,0,1,0,0,0,0,0,0,0,0,0,0,0,0,0,0,0,0,0,0,0,0
XZpJExbzTkE,2021-02-20,175.0,0.0,975.0,0.9980989098548888,Sakshi,vizag steel plant,0,0,0,0,0,0,0,0,0,0,0,0,0,0,0,0,0,0,0,0,0,0,0,0
-MIDIUad5gA,2021-03-05,1566.0,13.0,3381.0,-0.9879814982414246,Sakshi,vizag steel plant,0,0,0,0,0,0,0,0,0,0,0,0,0,0,0,0,0,0,0,0,0,0,0,0
YGho8TASEPk,2023-01-29,131.0,0.0,971.0,-0.9947734475135804,TV5,vizag steel plant,0,0,0,0,0,0,0,0,0,0,0,0,0,1,0,0,0,0,0,0,0,0,0,0
kwkmXzdrz_8,2022-11-13,265.0,244.0,124439.0,-0.9971882700920104,TV5,vizag steel plant,0,0,0,0,0,1,0,0,0,0,0,0,0,0,0,0,0,0,0,0,0,0,0,0
qhOTcUej0K8,2023-04-20,245.0,6.0,485.0,-0.999431312084198,TV9,vizag steel plant,0,0,0,0,1,0,0,0,1,0,0,0,0,0,0,0,1,0,0,0,0,0,0,0
WGJR6kqs6R0,2023-03-09,297.0,7.0,1749.0,-0.9984232187271118,TV9,vizag steel plant,0,0,0,0,0,0,0,0,0,0,0,0,0,0,0,0,0,0,0,0,0,0,0,0
DYyMD6LeJXU,2023-03-22,270.0,2.0,2317.0,-0.998273491859436,ABN,vizag steel plant,0,0,0,0,0,0,0,0,0,0,0,0,0,0,0,0,0,0,0,0,0,0,0,0
8oCjD-xkvSY,2023-04-21,228.0,2.0,101964.0,-0.9977728724479676,TV9,vizag steel plant,0,0,0,0,0,0,0,0,0,0,0,1,0,0,0,0,0,0,0,0,0,0,0,0
qWp0EmK1Lj0,2023-04-14,200.0,6.0,2747.0,0.9957419037818908,TV5,vizag steel plant,0,0,0,0,0,0,0,0,0,0,0,0,0,0,0,0,0,0,0,0,0,0,0,0
feN9CaCB3Kg,2023-04-11,140.0,8.0,791.0,-0.9979416728019714,ABN,vizag steel plant,0,0,0,0,0,0,0,0,0,0,0,0,0,0,0,0,0,0,0,0,0,0,0,0
IiVNpwny_Sg,2023-04-13,213.0,3.0,1415.0,0.984457790851593,TV9,vizag steel plant,0,0,0,1,0,0,0,0,0,0,1,0,0,0,0,0,0,0,0,0,0,0,0,0
VFYQbZT_qWs,2022-10-15,130.0,5.0,2774.0,-0.9986009001731871,TV5,vizag steel plant,0,0,0,0,0,0,0,0,0,0,0,0,0,0,0,0,0,0,0,0,0,0,0,0
lwFMEJqsDLI,2022-10-19,336.0,19.0,3425.0,-0.9970136880874634,Sakshi,vizag steel plant,0,0,0,0,0,0,0,0,0,0,0,0,0,1,0,0,0,0,0,0,0,0,0,0
0NKiehVh81c,2022-12-04,252.0,1.0,754.0,0.9936410784721376,TV9,vizag steel plant,0,1,1,0,0,0,1,0,0,0,0,0,0,0,0,0,0,0,0,0,1,0,1,0
JJw53g-4T_Q,2023-03-03,51.0,2.0,2382.0,0.9986151456832886,TV9,vizag steel plant,0,0,0,0,0,0,0,0,0,0,0,0,0,0,0,0,0,0,0,0,0,0,0,0
Qo8nuUhZGVw,2022-10-12,208.0,6.0,1103.0,-0.9993694424629213,TV5,vizag steel plant,0,1,1,0,1,0,1,0,0,0,0,0,0,0,0,0,0,0,0,0,0,0,0,0
-q0Pci8GHTU,2021-02-20,112.0,5.0,1009.0,-0.9895051121711732,Sakshi,vizag steel plant,0,0,0,0,0,0,0,0,0,0,0,0,0,1,0,0,0,0,0,0,0,0,0,0
fuaBB_hI6oo,2023-04-16,158.0,0.0,1171.0,-0.9973948001861572,TV9,vizag steel plant,0,0,0,0,0,0,0,0,0,0,0,0,0,0,0,0,0,0,0,0,0,0,0,0
g1_E9NuQe-8,2023-04-21,59.0,1.0,3686.0,-0.9985947012901306,ABN,vizag steel plant,0,0,0,0,0,0,0,0,0,0,0,0,0,0,0,0,0,0,0,0,0,0,0,0
8aPdeIQKppc,2023-03-31,277.0,0.0,677.0,-0.8419522047042847,TV9,vizag steel plant,0,0,0,0,0,0,0,0,0,0,0,0,0,0,0,0,0,0,0,0,0,0,0,0
K2JwAQLKN_U,2021-02-20,79.0,0.0,1365.0,0.9951096177101136,Sakshi,vizag steel plant,0,0,0,0,0,0,0,0,0,0,0,0,0,0,0,0,0,0,0,0,0,0,0,0
0YGQTAFcFYA,2023-04-10,302.0,0.0,753.0,0.9976951479911804,ABN,vizag steel plant,0,0,0,0,0,1,1,1,0,0,0,0,0,0,0,0,0,0,0,0,0,0,0,0
vJBkMCABjiY,2023-04-15,96.0,4.0,1569.0,-0.9916449189186096,TV9,vizag steel plant,0,0,0,0,0,0,0,0,0,0,0,0,0,0,0,0,0,0,0,0,0,0,0,0
dTSvDFw6-oY,2019-12-24,87.0,2.0,616.0,-0.9973604083061218,Sakshi,vizag steel plant,0,0,0,0,0,0,0,0,0,0,0,0,0,0,0,0,0,0,0,0,0,0,0,0
1Xh3K1t5Pm4,2022-10-16,199.0,9.0,2439.0,-0.9963273406028748,TV5,vizag steel plant,0,0,0,0,0,0,0,0,0,0,0,0,0,0,0,0,0,0,0,0,0,0,0,0
GAsYOa7NAoU,2023-04-21,52.0,0.0,3844.0,0.6825757026672363,ABN,vizag steel plant,0,0,0,0,0,0,0,0,0,0,0,0,0,0,0,0,0,0,0,0,0,0,0,0
sJnaZjgFcoc,2023-04-13,280.0,5.0,4579.0,0.9971265196800232,TV9,vizag steel plant,0,0,0,0,0,0,0,0,0,1,0,0,0,0,0,0,0,0,0,1,0,0,0,0
ZLqojJqrPvg,2023-04-20,275.0,0.0,1327.0,0.9564204812049866,ABN,vizag steel plant,0,0,0,0,0,0,0,0,0,0,0,0,0,0,0,0,0,0,0,0,0,0,0,0
CvygOWxcg94,2022-11-22,194.0,2.0,843.0,-0.998910903930664,TV5,vizag steel plant,0,0,0,0,0,0,0,0,0,0,0,0,0,0,0,0,0,0,0,0,0,0,0,0
04vPdwnMMhA,2023-04-02,208.0,9.0,48306.0,-0.9925090670585632,TV9,vizag steel plant,0,0,0,0,0,0,0,0,0,0,0,0,0,0,0,0,0,0,0,0,0,0,0,0
Tty4yxZQQdM,2021-02-20,707.0,11.0,5392.0,-0.5775168538093567,Sakshi,vizag steel plant,0,0,0,0,0,0,0,0,0,0,0,0,0,0,0,0,0,0,0,0,0,0,0,0
Ni7k2PFxp9g,2023-04-10,255.0,8.0,5048.0,-0.9894652366638184,ABN,vizag steel plant,0,0,0,0,0,0,0,0,0,0,0,0,0,0,0,0,0,0,0,0,0,0,0,0
12QBGDp751U,2021-08-30,309.0,2.0,2650.0,0.9953230023384094,Sakshi,vizag steel plant,0,0,0,0,0,0,0,0,0,0,0,0,0,0,0,0,0,0,0,0,0,0,0,0
OZGbJRF85Fg,2023-04-08,144.0,5.0,826.0,-0.9963399171829224,TV9,vizag steel plant,0,0,0,0,0,0,0,0,0,0,0,0,0,0,0,0,0,0,0,0,0,0,0,0
U8ldfBc8jDM,2022-11-27,261.0,1.0,1735.0,-0.9992228746414183,ABN,vizag steel plant,0,0,0,0,0,0,0,0,0,0,0,0,0,0,0,0,0,0,0,0,0,0,0,0
1OH0v2R5PXk,2023-03-29,251.0,193.0,87411.0,0.9978370070457458,TV9,vizag steel plant,0,0,0,0,0,0,0,0,0,0,0,0,0,0,0,0,0,0,0,0,0,0,0,1
u8PUrSXVnjQ,2021-12-13,244.0,71.0,8835.0,0.9981147050857544,Sakshi,vizag steel plant,0,0,0,0,0,0,0,0,1,0,0,0,0,0,0,0,1,0,1,0,0,1,1,0
GoLWn4ieGw4,2023-03-13,50.0,1.0,2793.0,-0.9844114184379578,TV5,vizag steel plant,0,0,0,0,0,0,0,0,0,0,0,0,0,0,0,0,0,0,0,0,0,0,0,0
g6uQBqI1j0Y,2022-11-11,354.0,3.0,1410.0,-0.98611718416214,TV5,vizag steel plant,0,0,0,0,0,0,0,0,0,0,0,0,0,0,0,0,0,0,0,0,0,0,0,0
sYR64fHPGYA,2023-04-13,227.0,8.0,4942.0,-0.9841228723526,TV9,vizag steel plant,0,0,0,1,0,0,0,0,0,0,0,0,0,0,0,0,0,0,0,0,0,0,0,0
SBz6eYNfJTQ,2022-11-21,296.0,14.0,11228.0,-0.9958840012550354,TV9,vizag steel plant,0,0,0,0,0,0,0,0,0,0,0,1,0,0,0,0,0,0,0,0,0,0,0,0
KRvllBxaWxQ,2022-12-19,247.0,5.0,2540.0,-0.9964433312416076,TV5,vizag steel plant,0,0,0,0,0,0,0,0,0,0,0,0,0,1,0,0,0,0,0,0,0,0,0,0
JG_fs16jxE0,2023-04-10,305.0,2.0,2095.0,-0.999387502670288,TV5,vizag steel plant,0,0,0,0,0,0,0,0,0,0,0,0,0,0,0,0,0,0,0,0,0,0,0,0
tx6SyVsC1Eg,2023-04-14,340.0,4.0,1083.0,0.9969066977500916,TV5,vizag steel plant,0,0,0,0,0,0,0,0,0,0,0,0,0,0,0,0,0,0,0,0,0,0,0,0
rf0bEQYxDaM,2023-04-11,310.0,7.0,2538.0,0.996212124824524,ABN,vizag steel plant,0,0,0,0,0,0,0,0,0,0,0,0,0,0,0,0,0,0,0,0,0,0,0,0
Bnc9-5gydVA,2023-04-11,55.0,1.0,6393.0,-0.964355766773224,ABN,vizag steel plant,0,0,0,0,0,0,0,0,0,0,0,0,0,0,0,0,0,0,0,0,0,0,0,0
aDWK0IyjgEE,2023-02-12,69.0,2.0,504.0,-0.9994924068450928,TV9,vizag steel plant,0,0,1,0,0,0,0,0,0,0,0,0,0,0,0,0,0,0,0,0,0,0,0,0
KzD3MgOHLHI,2023-04-17,169.0,4.0,2751.0,-0.9973481893539428,TV9,vizag steel plant,0,0,0,0,0,0,0,0,0,0,0,0,0,0,0,0,0,0,0,0,0,0,0,0
vT6GOJj8F3Y,2023-03-09,340.0,0.0,436.0,-0.9874337315559388,ABN,vizag steel plant,0,0,0,0,0,0,0,0,0,0,0,0,0,0,0,0,0,0,0,0,0,0,0,0
Je-PSwMNQsA,2021-02-16,86.0,0.0,977.0,0.994580328464508,Sakshi,vizag steel plant,0,1,1,0,1,0,0,0,0,0,0,0,0,0,0,0,0,0,0,0,0,0,0,0
0vFi0ctpoXE,2021-12-10,574.0,7.0,3861.0,0.9973892569541932,Sakshi,vizag steel plant,0,0,0,0,0,0,0,0,0,0,0,0,0,1,0,0,0,0,0,1,0,0,0,0
x2RiYSmQR0I,2022-11-13,350.0,7.0,812.0,-0.9992827773094176,ABN,vizag steel plant,0,0,0,0,0,0,0,0,0,0,0,0,0,0,0,0,0,0,0,0,0,0,0,0
jh-01bPtL-0,2020-03-09,241.0,0.0,583.0,0.9984196424484252,Sakshi,vizag steel plant,0,0,0,0,0,0,0,0,0,0,0,0,0,0,0,0,0,0,0,0,0,0,0,0
nN_ji2m-ZWM,2023-04-15,231.0,3.0,1222.0,-0.9962980151176452,TV5,vizag steel plant,0,0,0,0,0,0,0,0,0,0,0,0,0,0,0,0,0,0,0,0,0,0,0,0
fu8oYDEWY8o,2023-04-01,106.0,1.0,1117.0,-0.9992095232009888,TV9,vizag steel plant,0,0,0,0,0,0,0,0,0,0,0,0,0,0,0,0,0,0,0,0,0,0,0,0
Vl2Av7MCMa4,2023-04-13,587.0,6.0,2096.0,0.9870854020118712,Sakshi,vizag steel plant,0,0,0,0,0,0,0,0,0,0,0,0,0,0,0,0,0,0,0,0,0,0,0,0
8BjpRw7myAw,2023-04-12,207.0,5.0,2753.0,-0.6324501037597656,TV9,vizag steel plant,0,0,0,0,0,0,1,0,0,0,1,1,0,0,0,0,0,1,0,0,0,0,0,0
Qi7N9DeaWuo,2022-05-29,399.0,138.0,66175.0,0.9922637939453124,Sakshi,vizag steel plant,0,0,0,0,0,0,0,0,0,0,0,0,0,0,0,0,0,0,0,1,0,0,0,0
P4w2irVaV4M,2023-04-13,131.0,6.0,1093.0,0.9984630346298218,TV5,vizag steel plant,0,0,0,0,0,0,0,0,0,0,0,0,0,0,0,0,0,0,0,0,0,0,0,0
Zl800dNqA4U,2022-11-07,235.0,0.0,974.0,-0.9994161128997804,ABN,vizag steel plant,0,0,0,0,0,0,1,0,0,0,0,0,0,0,0,0,0,1,0,0,0,0,0,0
uDEp84QGVj0,2021-12-13,1702.0,48.0,8281.0,-0.9967708587646484,Sakshi,vizag steel plant,0,0,0,0,0,0,0,0,0,0,0,0,0,0,0,0,0,0,0,0,0,0,0,0
eYKprcY_7lA,2023-04-14,237.0,2.0,596.0,0.9866605997085572,TV9,vizag steel plant,0,0,0,0,0,0,0,0,0,0,0,0,0,0,0,0,0,0,0,0,0,0,0,0
kqQKdAl6PJU,2023-04-13,43.0,32.0,19674.0,-0.9896809458732604,TV9,vizag steel plant,0,0,0,0,0,0,0,0,0,0,0,0,0,0,0,0,0,0,0,0,0,0,0,0
QCw3vgzRHyM,2023-01-07,280.0,2.0,439.0,0.9838275909423828,TV9,vizag steel plant,0,0,0,0,0,0,0,0,0,0,0,0,0,0,0,0,0,0,0,0,0,0,0,0
2PhuaU77HLk,2023-04-14,270.0,0.0,1071.0,-0.9978538155555724,ABN,vizag steel plant,0,0,0,0,0,0,0,0,0,0,0,0,0,0,0,0,0,0,0,0,0,0,0,0
aHkGAIt0GPw,2022-11-25,229.0,1.0,32863.0,0.9889161586761476,TV9,vizag steel plant,0,0,0,0,0,0,0,0,0,0,0,0,0,0,0,0,0,0,0,0,0,0,0,0
RuJnEoQWtVw,2023-04-14,218.0,1.0,25522.0,0.9946004152297974,TV9,vizag steel plant,0,0,0,0,0,0,0,0,0,0,0,0,0,0,0,0,0,0,0,0,0,0,0,0
xfAB4GaaraQ,2023-04-13,20.0,2.0,447.0,-0.9986528158187866,TV9,vizag steel plant,0,0,0,0,0,0,0,0,0,0,1,0,0,0,0,0,0,0,0,0,0,0,0,0
Kb5uQJgo2Rs,2023-04-12,203.0,5.0,2811.0,0.9954285621643066,TV9,vizag steel plant,0,0,0,0,0,0,0,0,0,0,1,0,0,0,0,0,0,1,0,0,0,0,0,0
oj4UWZ_1ehA,2021-02-16,83.0,0.0,381.0,0.9979096055030824,Sakshi,vizag steel plant,0,0,0,0,0,0,0,0,0,0,0,0,0,0,0,0,0,0,0,0,0,0,0,0
y_CZ-wAesOk,2023-04-11,345.0,11.0,7159.0,0.9926100373268129,ABN,vizag steel plant,0,0,0,0,0,0,0,0,0,0,0,0,0,0,0,0,0,0,0,0,0,0,0,0
mAt3vudyobc,2023-04-11,212.0,12.0,5710.0,-0.9985492825508118,TV9,vizag steel plant,0,0,0,0,0,0,0,0,0,0,0,0,0,0,0,0,0,0,0,0,0,0,0,0
NsUuRFkYPNk,2023-04-10,35409.0,10.0,18492.0,-0.9983851909637452,TV5,vizag steel plant,0,0,0,0,0,0,0,0,0,0,0,0,0,0,0,0,0,0,0,0,0,0,0,0
TWzm9-UiyL0,2021-11-10,331.0,6.0,4232.0,0.6767442226409912,Sakshi,vizag steel plant,1,0,0,0,0,1,0,1,1,1,0,0,1,0,1,1,1,1,1,0,0,0,1,1
YLAdrj3WiEw,2023-04-12,99.0,0.0,353.0,-0.9964812994003296,TV5,vizag steel plant,0,0,0,0,0,0,0,0,0,0,0,0,0,0,0,0,0,0,0,0,0,0,0,0
0uIIkOiHbEY,2023-04-11,149.0,7.0,3942.0,0.990044891834259,TV9,vizag steel plant,0,0,0,0,0,0,0,0,0,0,0,0,0,0,0,0,0,0,0,0,0,0,0,0
ZZHtQbv4Oc0,2023-04-15,304.0,2.0,1569.0,0.9925358295440674,TV9,vizag steel plant,0,0,0,0,0,0,0,0,0,0,0,0,0,0,0,0,0,0,0,0,0,0,0,0
-3KLkBPOclw,2023-03-07,186.0,3.0,5808.0,0.9944660067558287,Sakshi,vizag steel plant,0,0,0,0,0,0,0,0,0,0,0,0,0,0,0,0,0,0,0,0,0,0,0,0
Yv7Mbjmeo5E,2023-04-12,59.0,3.0,6281.0,-0.998734414577484,ABN,vizag steel plant,0,0,0,0,0,0,0,0,0,0,0,0,0,0,0,0,0,0,0,0,0,0,0,0
rQCp1iWfoFo,2021-02-25,95.0,7.0,1140.0,-0.9954355359077454,Sakshi,vizag steel plant,0,1,0,0,0,0,0,0,0,0,0,0,0,0,0,0,0,0,0,0,0,0,0,0
sV3UpduYe1U,2023-04-14,90.0,3.0,585.0,-0.9928183555603028,ABN,vizag steel plant,0,0,0,0,0,0,0,0,0,0,0,0,0,0,0,0,0,0,0,0,0,0,0,0
R6CNz9s86eY,2023-01-31,265.0,2.0,2105.0,-0.9948370456695556,TV9,vizag steel plant,0,0,0,0,0,0,0,0,0,0,0,0,0,0,0,0,0,0,0,0,0,0,0,0
_BW8o4NKxUM,2023-04-20,209.0,0.0,837.0,-0.9898994565010072,TV9,vizag steel plant,0,0,0,0,0,0,0,0,0,0,1,0,0,0,0,0,1,0,0,0,0,0,1,0
yThdQBGAKFs,2021-02-20,1902.0,10.0,5859.0,0.9870655536651612,Sakshi,vizag steel plant,0,0,0,0,0,0,0,0,0,0,0,0,0,0,0,0,0,0,0,0,0,0,0,0
_vtXwYggzf4,2022-12-29,311.0,0.0,1546.0,-0.9968630075454712,ABN,vizag steel plant,0,0,0,0,0,0,0,0,0,0,0,0,0,1,0,0,0,0,0,0,0,0,0,0
L9MQ4eMfl0E,2023-04-01,275.0,2.0,695.0,0.96655011177063,TV5,vizag steel plant,0,0,0,0,0,0,0,0,0,0,0,0,0,0,0,0,0,0,0,0,1,0,0,0
92lVm_9qnmI,2021-02-20,185.0,1.0,479.0,0.994944989681244,Sakshi,vizag steel plant,0,0,0,0,0,0,0,0,0,0,0,0,0,0,0,0,0,0,0,0,0,0,0,0
9nLz31eEeaU,2021-02-20,1149.0,2.0,14040.0,0.989566683769226,Sakshi,vizag steel plant,0,0,0,0,0,0,0,0,0,0,0,0,0,0,0,0,0,0,0,0,0,0,0,0
S5Z4I7PKmOU,2023-04-13,260.0,40.0,9824.0,0.997646152973175,TV9,vizag steel plant,1,0,1,0,0,0,1,0,1,0,1,0,1,0,0,0,0,0,0,0,0,1,0,0
0ntmQnC3Shs,2023-04-10,95.0,0.0,1304.0,-0.9929397106170654,TV5,vizag steel plant,0,0,0,0,0,0,0,0,0,0,0,0,0,0,0,0,0,0,0,0,0,0,0,0
PCi9_u7-TB4,2022-12-16,318.0,2.0,2849.0,-0.9975130558013916,ABN,vizag steel plant,0,0,0,0,0,0,0,0,0,0,0,0,0,0,0,0,0,0,0,0,0,0,0,0
oRv2kpV1XaI,2023-04-10,747.0,5.0,1184.0,0.9975016713142396,TV9,vizag steel plant,0,0,0,0,0,0,0,0,0,0,0,0,0,0,0,0,0,0,0,0,0,0,0,0
e11x323euO0,2023-04-14,189.0,0.0,434.0,0.9977614879608154,ABN,vizag steel plant,0,0,0,0,0,0,0,0,0,0,0,0,0,0,0,0,0,0,0,0,0,0,0,0
T2sh0IWZsKA,2022-09-15,130.0,182.0,74674.0,0.9562625885009766,TV5,vizag steel plant,0,0,0,0,0,0,0,0,0,0,0,0,0,0,0,0,0,0,0,0,0,0,0,0
VJkXptSMjbE,2023-04-11,219.0,3.0,35194.0,-0.9984394907951356,TV9,vizag steel plant,0,0,0,0,0,0,0,0,0,0,0,0,0,0,0,0,0,0,0,0,1,0,0,0
Hu5XMpHYjEQ,2023-04-12,298.0,2.0,1171.0,-0.992958664894104,ABN,vizag steel plant,0,0,0,0,0,0,0,0,0,0,0,0,0,0,0,0,0,1,0,0,0,0,0,0
ZxjsDZR4YS4,2021-02-20,377.0,0.0,5413.0,0.9954124093055724,Sakshi,vizag steel plant,0,0,0,0,0,0,0,0,0,0,0,0,0,0,0,0,0,0,0,0,0,0,0,0
MMBoQnwWKWE,2021-02-20,196.0,2.0,713.0,0.9963204860687256,Sakshi,vizag steel plant,0,0,0,0,0,0,0,0,0,0,0,0,0,0,0,0,0,0,0,0,0,0,0,0
lD1VRyi7xu8,2023-04-11,100.0,8.0,2507.0,-0.992205798625946,ABN,vizag steel plant,0,0,0,0,0,0,0,0,0,0,0,0,0,0,0,0,0,0,0,0,0,0,0,0
LYk571W1dHE,2022-09-10,280.0,19.0,4183.0,-0.9862646460533142,TV5,vizag steel plant,0,0,0,0,0,0,0,0,0,0,0,0,0,0,0,0,0,0,0,0,0,0,0,0
oR6EhmJihq4,2023-04-16,63.0,1.0,1204.0,-0.9976487755775452,TV9,vizag steel plant,0,0,0,0,0,0,0,0,0,0,0,0,0,0,0,0,0,0,0,0,0,0,0,0
zRFybRtY_ig,2023-04-13,123.0,4.0,485.0,-0.997290015220642,TV5,vizag steel plant,0,0,0,0,0,0,0,0,0,0,0,0,0,0,0,0,0,0,0,0,0,0,0,0
qQSvI329U2A,2023-04-10,255.0,2.0,3118.0,-0.9905067086219788,ABN,vizag steel plant,0,0,0,0,0,0,0,0,0,0,0,0,0,0,0,0,0,0,0,0,0,0,0,0
nnExCM1UwX8,2022-11-03,328.0,5.0,6503.0,-0.997252881526947,TV5,vizag steel plant,0,0,0,0,0,0,0,0,0,0,0,0,0,0,0,0,0,0,0,0,0,0,0,0
tXlHIYvrI8c,2023-04-14,280.0,2.0,1547.0,-0.9975409507751464,ABN,vizag steel plant,0,0,0,0,0,0,0,0,0,0,0,0,0,0,0,0,0,0,0,0,0,0,0,0
5XcnNAg8cZ0,2023-04-12,20.0,1.0,632.0,-0.9962459206581116,TV9,vizag steel plant,0,0,0,0,0,0,0,0,0,0,1,0,0,0,0,0,0,0,0,0,0,0,0,0
FWHPDJr9QTA,2023-04-13,132.0,0.0,766.0,0.9971677660942078,TV9,vizag steel plant,0,0,0,0,0,0,0,0,0,0,0,0,0,0,0,0,0,0,0,0,0,0,0,0
Md_2CZAq9tI,2023-04-10,150.0,11.0,1549.0,-0.9973922967910768,TV9,vizag steel plant,0,0,0,0,0,0,0,0,0,0,0,0,0,0,0,0,0,0,0,0,0,0,0,0
dwOGpiVEBRk,2023-03-13,120.0,1.0,1020.0,-0.99848610162735,TV9,vizag steel plant,0,0,0,1,0,0,0,0,0,0,0,0,0,0,0,0,0,0,0,0,0,0,0,0
xvIYQk-mDTU,2023-04-13,205.0,79.0,31815.0,-0.9966678023338318,TV9,vizag steel plant,0,0,1,1,1,0,1,0,0,0,1,0,0,0,0,0,0,0,0,0,0,1,0,0
DIk5dYAObVc,2023-01-30,382.0,0.0,2183.0,0.987363874912262,TV5,vizag steel plant,0,0,0,0,0,0,0,0,0,0,0,0,0,0,0,0,0,0,0,0,0,0,0,0
-rbGOn1i0_I,2023-04-19,315.0,10.0,3762.0,-0.9873713254928588,TV5,vizag steel plant,0,0,0,0,0,0,0,0,0,0,0,0,0,0,0,0,0,0,0,0,0,0,0,0
ae1o4wfOf0I,2023-04-15,184.0,7.0,4017.0,0.9970880150794984,TV9,vizag steel plant,0,0,0,0,0,0,0,0,0,0,0,0,0,0,0,0,0,0,0,0,0,0,0,0
TliiQTm4vj0,2023-04-11,273.0,1.0,687.0,-0.9932965636253356,TV9,vizag steel plant,0,0,0,0,0,0,0,0,0,0,0,0,0,0,0,0,0,0,0,0,0,0,0,0
OZnZiamGdc0,2023-04-16,237.0,2.0,22082.0,-0.9985139966011048,TV9,vizag steel plant,0,0,0,0,0,0,0,0,0,0,0,0,0,0,0,0,0,0,0,0,0,0,0,0
R7OkjXAn-YE,2023-04-10,320.0,14.0,2706.0,-0.9906116127967834,TV5,vizag steel plant,0,0,0,0,0,0,0,0,0,0,0,0,0,0,0,0,0,0,0,0,0,0,0,0
iPMZ8Dg9Vjc,2021-12-07,116.0,3.0,2183.0,0.996597945690155,Sakshi,vizag steel plant,1,0,0,0,0,0,0,0,0,1,0,0,0,0,0,0,0,0,0,1,0,1,0,0
nqvsdHLScQw,2022-11-20,165.0,5.0,1583.0,0.984311044216156,ABN,vizag steel plant,0,0,0,0,0,0,0,0,0,0,0,0,0,0,0,0,0,0,0,0,0,0,0,0
WaYchb7WXQ8,2021-02-20,231.0,20.0,4581.0,0.9959845542907716,Sakshi,vizag steel plant,0,0,0,0,0,0,0,0,0,0,0,0,0,0,0,0,0,0,0,0,0,0,0,0
N6cMyui9Vzw,2019-12-20,215.0,7.0,1010.0,0.9984815716743468,Sakshi,vizag steel plant,0,0,0,0,0,0,0,0,0,0,0,0,0,0,0,0,0,0,0,0,0,0,0,0
6Ka5gbegJhU,2022-10-27,225.0,3.0,2845.0,-0.9992475509643556,TV5,vizag steel plant,0,0,0,0,0,0,0,0,0,0,0,0,0,0,0,0,0,0,0,0,0,0,0,0
yicDEoXiwJc,2023-04-14,295.0,5.0,2526.0,-0.9970546960830688,TV5,vizag steel plant,0,0,0,0,0,0,0,0,0,0,0,0,0,0,0,0,0,0,0,0,0,0,0,0
LW5MBjLsQZE,2021-02-20,121.0,1.0,1973.0,0.9965099692344666,Sakshi,vizag steel plant,0,0,0,0,0,0,0,0,0,0,0,0,0,0,0,0,0,0,0,0,0,0,0,0
8TMEybBYsEs,2021-02-18,191.0,17.0,15066.0,-0.9965452551841736,Sakshi,vizag steel plant,0,0,0,0,0,0,0,0,0,0,0,0,0,0,0,0,0,0,0,0,0,0,0,0
NVJIFbh0_bE,2023-01-11,165.0,2.0,3112.0,0.997438669204712,TV9,vizag steel plant,0,0,0,0,0,0,0,0,0,0,0,0,0,0,0,0,0,0,0,0,0,0,0,1
PdrzWAkWpjg,2023-04-20,234.0,69.0,33249.0,-0.9985396862030028,ABN,vizag steel plant,0,0,0,0,0,0,0,0,0,0,0,0,0,0,0,0,0,0,0,0,0,0,0,0
kW60ea1GePA,2023-01-05,316.0,19.0,4831.0,0.9801733493804932,ABN,vizag steel plant,0,0,0,0,0,0,0,0,0,0,0,0,0,0,0,0,0,0,0,0,0,0,0,0
6nfIFEEzRME,2023-03-30,310.0,2.0,4253.0,-0.990327775478363,TV5,vizag steel plant,0,0,0,0,0,0,0,0,0,0,0,0,0,0,0,0,0,0,0,0,0,0,0,0
55Pr7grOOaQ,2023-04-11,20.0,2.0,587.0,0.9950600266456604,TV9,vizag steel plant,0,0,0,0,0,0,0,0,0,0,1,0,0,0,0,0,0,0,0,0,0,0,0,0
uwF9FYlJPfk,2023-01-18,184.0,1.0,2169.0,0.9564987421035768,TV9,vizag steel plant,0,0,0,0,0,0,0,1,0,0,0,0,0,0,0,0,0,0,0,0,0,0,0,0
WEmFwXOFYQk,2022-11-12,574.0,1.0,1815.0,0.9154523015022278,TV5,vizag steel plant,0,0,0,0,0,0,0,0,0,0,0,0,0,0,0,0,0,0,0,0,0,0,0,0
Ya2oTPToyKk,2023-03-28,83.0,2.0,1754.0,-0.9453631639480592,TV9,vizag steel plant,0,0,0,0,0,0,0,0,0,0,0,0,0,0,0,0,0,0,0,0,0,0,0,0
9ndOS5B_ukM,2022-11-07,70.0,1.0,861.0,0.9793037176132202,TV5,vizag steel plant,0,0,0,0,0,0,0,0,0,0,0,0,0,0,0,0,0,0,0,1,0,0,0,0
0VZEFPGUdq0,2021-12-10,261.0,2.0,1692.0,0.8783113956451416,Sakshi,vizag steel plant,0,0,0,0,0,0,0,0,0,0,0,0,0,1,0,0,0,0,0,1,0,0,0,0
FxAnXHpntaI,2022-11-13,322.0,12.0,3526.0,-0.999273121356964,TV5,vizag steel plant,0,0,0,0,0,0,0,0,0,0,0,0,1,0,0,0,0,0,0,0,0,0,0,0
sf4pPadq2dE,2022-12-29,224.0,2.0,950.0,-0.9993292093276978,TV9,vizag steel plant,0,0,0,0,0,0,0,0,0,1,0,0,0,0,0,0,0,0,0,0,1,0,1,0
bQCrM69hjvM,2023-03-24,272.0,1.0,768.0,-0.987585186958313,TV5,vizag steel plant,0,0,0,0,0,0,0,0,0,0,0,0,0,0,0,0,0,0,0,0,0,0,0,0
upVQFeM01P0,2023-02-11,310.0,0.0,3285.0,-0.9929949641227722,TV5,vizag steel plant,0,0,0,0,0,0,0,0,0,0,0,0,0,1,0,0,0,0,0,0,0,0,0,0
3xnhJWT6C_8,2023-04-10,3720.0,1.0,7586.0,-0.9864283204078674,TV9,vizag steel plant,0,0,0,0,0,0,0,0,0,0,0,0,0,0,0,0,0,0,0,0,0,0,0,0
VjweHZyBjSo,2023-03-14,231.0,0.0,539.0,0.9959101676940918,TV9,vizag steel plant,0,0,0,0,0,0,0,0,0,0,0,0,0,0,0,0,0,0,0,0,0,0,0,0
pdvaJAgDJc0,2023-04-13,207.0,2.0,2775.0,-0.9985986351966858,TV9,vizag steel plant,0,0,0,0,0,0,0,0,0,0,0,0,0,0,0,0,0,0,0,0,0,0,0,0
vbhBi37F1K8,2022-12-05,208.0,8.0,9539.0,-0.9971676468849182,TV5,vizag steel plant,0,0,0,0,0,0,0,0,0,0,0,0,0,0,0,0,0,0,0,0,0,0,0,0
pup4lbbCCH4,2023-04-15,210.0,0.0,2030.0,0.978951930999756,TV9,vizag steel plant,0,0,0,0,0,0,0,0,0,0,0,0,0,0,0,0,0,0,0,0,0,0,0,0
S5KIOSmGPFk,2023-04-20,257.0,4.0,2278.0,-0.9903414249420166,TV9,vizag steel plant,0,0,0,0,0,0,0,0,0,0,0,0,0,0,0,0,0,0,0,0,0,0,0,0
9TnNMQqaQtU,2023-03-02,278.0,14.0,3606.0,-0.9987051486968994,ABN,vizag steel plant,0,0,0,0,0,0,0,0,0,0,0,0,0,0,0,0,0,0,0,0,0,0,0,0
onzEWBCibro,2023-04-14,173.0,8.0,1382.0,-0.998448610305786,ABN,vizag steel plant,0,0,0,0,0,0,0,0,0,0,0,0,0,0,0,0,0,0,0,0,0,0,0,0
9k-9PZXkTVU,2023-04-10,205.0,8.0,4760.0,-0.9982250332832336,ABN,vizag steel plant,0,0,0,0,0,0,0,0,0,0,0,0,0,0,0,0,0,0,0,0,0,0,0,0
CazfzoNUigk,2021-02-20,3464.0,12.0,6629.0,-0.9981579184532166,Sakshi,vizag steel plant,0,0,0,0,0,0,0,0,0,0,0,0,0,0,0,0,0,0,0,0,0,0,0,0
9Nb_noGOx8g,2021-02-20,248.0,1.0,1765.0,0.9980565905570984,Sakshi,vizag steel plant,0,0,0,0,0,0,0,0,0,0,0,0,0,0,0,0,0,0,0,0,0,0,0,0
yeZI5vyrAVU,2023-04-13,97.0,4.0,1032.0,-0.9987181425094604,TV9,vizag steel plant,0,0,0,0,0,0,0,0,0,0,0,0,0,0,0,0,0,0,0,0,0,0,0,0
GHB0UxhO5KE,2023-04-03,280.0,1.0,583.0,-0.9981491565704346,TV5,vizag steel plant,0,0,0,0,0,0,0,0,0,0,0,0,0,0,0,0,0,0,0,0,0,0,0,0
YuL_hSVaTn0,2023-04-15,86.0,0.0,1622.0,-0.5002647042274475,TV5,vizag steel plant,0,0,0,0,0,0,0,0,0,0,0,0,0,0,0,0,0,0,0,0,0,0,0,0
L3zrVsnN194,2022-11-11,270.0,0.0,1645.0,-0.998330295085907,TV5,vizag steel plant,0,0,0,0,0,0,0,0,0,0,0,0,0,1,0,0,0,0,0,0,0,0,0,0
dHGj2MavTsw,2023-03-02,175.0,3.0,567.0,0.99305659532547,TV5,vizag steel plant,0,0,0,0,0,0,0,0,0,0,0,0,0,0,0,0,0,0,0,0,0,0,0,0
ol1PyNmJT64,2021-03-09,584.0,25.0,5019.0,-0.9953476786613464,Sakshi,vizag steel plant,0,0,0,0,0,0,0,0,0,0,0,0,0,0,0,0,0,0,0,0,0,0,0,0
Mia-B5Owr74,2023-02-05,125.0,6.0,1259.0,-0.995000422000885,ABN,vizag steel plant,0,0,0,0,0,0,0,0,0,0,0,0,0,0,0,0,0,0,0,0,0,0,0,0
oj2bJnKqFXo,2021-12-13,33060.0,54.0,30335.0,-0.9857059717178344,Sakshi,vizag steel plant,0,0,0,0,0,0,0,0,0,0,0,0,0,0,0,0,0,0,0,0,0,0,0,0
lag6JK9AHYE,2022-11-15,355.0,62.0,9960.0,-0.9989093542099,TV5,vizag steel plant,0,0,0,0,0,0,0,1,0,0,0,0,1,0,0,1,0,0,0,0,0,0,0,0
ShNDcaapA2I,2021-02-17,272.0,12.0,10600.0,0.996887981891632,Sakshi,vizag steel plant,0,0,0,0,0,0,0,0,0,0,0,0,0,0,0,0,0,0,0,0,0,0,0,0
3n8pxp1D8gA,2022-11-08,258.0,3.0,1578.0,0.9954729676246644,ABN,vizag steel plant,0,0,0,0,0,0,0,0,0,0,0,0,0,0,0,0,0,0,0,0,0,0,0,0
HQSIKXbpMV4,2022-10-30,127.0,1.0,950.0,-0.993311643600464,TV5,vizag steel plant,0,0,0,0,0,0,0,0,0,0,0,0,0,0,0,0,0,0,0,0,0,0,0,0
W9J1HjWl4ws,2023-02-01,298.0,1.0,4624.0,0.9720078706741332,ABN,vizag steel plant,0,0,0,0,0,0,0,0,0,0,0,0,0,0,0,0,0,0,0,0,0,0,0,0
AcUtW9yWwUg,2023-02-03,328.0,0.0,1851.0,-0.9894888997077942,ABN,vizag steel plant,0,0,0,0,0,0,0,0,0,0,0,0,0,0,0,0,0,0,0,0,0,0,0,0
W3FwXepp7hM,2023-04-13,337.0,223.0,79389.0,-0.9988715052604676,TV9,vizag steel plant,1,0,1,1,0,0,0,0,1,0,1,0,1,0,0,0,0,0,0,0,0,1,0,1
bSleSMlZ5Gc,2023-04-10,198.0,0.0,756.0,0.9875407814979552,TV9,vizag steel plant,0,0,0,0,0,0,0,0,0,0,0,0,0,0,0,0,0,0,0,0,0,0,0,0
X6opj7v9Xas,2022-10-03,285.0,48.0,16142.0,-0.9988069534301758,TV5,vizag steel plant,0,0,0,0,0,0,0,0,0,0,0,0,0,0,0,0,0,0,0,0,0,0,0,0
uTuYKKMLzp4,2023-04-12,344.0,34.0,6610.0,0.9738359451293944,TV9,vizag steel plant,0,0,0,0,0,0,0,0,0,0,0,0,0,0,0,0,0,0,0,0,0,0,0,0
9q73a0LYkjY,2023-04-10,285.0,3.0,757.0,0.997284173965454,TV5,vizag steel plant,0,0,0,0,0,0,0,0,0,0,0,0,1,0,0,0,0,0,0,0,0,0,0,0
GP-vsJv9OJQ,2022-12-29,68.0,3.0,2697.0,0.9939590692520142,TV9,vizag steel plant,0,0,0,0,0,0,0,0,0,0,0,0,0,0,0,0,0,0,0,0,0,0,0,0
ltKmQdsCe6A,2021-02-20,230.0,5.0,3699.0,0.9944291114807128,Sakshi,vizag steel plant,0,0,0,0,0,0,0,0,0,0,0,0,0,0,0,0,0,0,0,0,0,0,0,0
i1LZ-OYn2ko,2023-04-13,169.0,6.0,1280.0,-0.9981210827827454,TV5,vizag steel plant,0,0,0,0,0,0,0,0,0,0,0,0,0,0,0,0,0,0,0,0,0,0,0,0
2B4RFOiZ_vE,2023-03-13,209.0,5.0,2976.0,0.991438090801239,ABN,vizag steel plant,0,0,0,0,0,0,0,0,0,0,0,0,0,0,0,0,0,0,0,0,0,0,0,0
Zmg2C8nv_MM,2021-02-20,165.0,2.0,2377.0,0.9843701124191284,Sakshi,vizag steel plant,0,0,0,0,0,0,0,0,0,0,0,0,0,0,0,0,0,0,0,0,0,0,0,0
NCbkzLnPNVg,2022-04-05,249.0,4.0,2550.0,0.9865755438804626,Sakshi,vizag steel plant,0,0,0,0,0,0,0,0,0,0,0,0,0,0,0,0,0,0,0,0,0,0,0,0
JX0SA8qJcE8,2023-04-12,310.0,1.0,967.0,0.9906209707260132,ABN,vizag steel plant,0,0,0,0,0,0,0,0,0,0,0,0,0,0,0,0,0,0,0,0,0,0,0,0
LSQAZ02UJRQ,2021-12-13,149.0,104.0,11362.0,-0.9970865845680236,Sakshi,vizag steel plant,0,0,0,0,0,0,0,0,0,0,0,0,0,1,0,0,0,0,0,1,0,0,0,0
